,thresholds,fpr,tpr
0,11.182182312011719,0.0,0.0
1,10.182182312011719,0.0,0.0002
2,0.2781846523284912,0.0,0.9212
3,0.2775416672229767,6.3895722181399955e-06,0.9212
4,0.21861760318279266,6.3895722181399955e-06,0.9368
5,0.2185157984495163,1.2779144436279991e-05,0.9368
6,0.1906084567308426,1.2779144436279991e-05,0.9444
7,0.19031232595443726,1.9168716654419988e-05,0.9444
8,0.13703027367591858,1.9168716654419988e-05,0.9582
9,0.13631628453731537,2.5558288872559982e-05,0.9582
10,0.1340542882680893,2.5558288872559982e-05,0.959
11,0.13330982625484467,3.1947861090699976e-05,0.959
12,0.13107441365718842,3.1947861090699976e-05,0.9598
13,0.1307877004146576,3.8337433308839976e-05,0.9598
14,0.1249861791729927,3.8337433308839976e-05,0.9614
15,0.12476889044046402,4.472700552697997e-05,0.9614
16,0.11299268901348114,4.472700552697997e-05,0.9646
17,0.11286962777376175,5.1116577745119964e-05,0.9646
18,0.1115095466375351,5.1116577745119964e-05,0.965
19,0.11086361110210419,6.389572218139995e-05,0.965
20,0.10855421423912048,6.389572218139995e-05,0.9658
21,0.10785196721553802,7.667486661767995e-05,0.9658
22,0.10781791061162949,7.667486661767995e-05,0.966
23,0.10725433379411697,9.584358327209993e-05,0.966
24,0.10708263516426086,9.584358327209993e-05,0.9662
25,0.10678666085004807,0.00010223315549023993,0.9662
26,0.10414880514144897,0.00010223315549023993,0.967
27,0.10360404849052429,0.00010862272770837993,0.967
28,0.10341750085353851,0.00010862272770837993,0.9672
29,0.10283296555280685,0.00011501229992651992,0.9672
30,0.10268722474575043,0.00011501229992651992,0.9674
31,0.102385513484478,0.00012140187214465992,0.9674
32,0.10196558386087418,0.00012140187214465992,0.9676
33,0.10191259533166885,0.0001277914443627999,0.9676
34,0.10125115513801575,0.0001277914443627999,0.9678
35,0.10068931430578232,0.0001405705887990799,0.9678
36,0.09982486814260483,0.0001405705887990799,0.9682
37,0.09926242381334305,0.0001597393054534999,0.9682
38,0.09840168058872223,0.0001597393054534999,0.9686
39,0.09839057922363281,0.00016612887767163988,0.9686
40,0.09769164025783539,0.00016612887767163988,0.9688
41,0.09718570113182068,0.00017890802210791988,0.9688
42,0.09698237478733063,0.00017890802210791988,0.969
43,0.09632912278175354,0.00019168716654419985,0.969
44,0.09627395868301392,0.00019168716654419985,0.9692
45,0.09581153839826584,0.00019807673876233987,0.9692
46,0.09556835144758224,0.00019807673876233987,0.9694
47,0.09487885981798172,0.00022363502763489984,0.9694
48,0.0948677510023117,0.00022363502763489984,0.9696
49,0.09428811818361282,0.00023002459985303983,0.9696
50,0.09416811913251877,0.00023002459985303983,0.9698
51,0.09370258450508118,0.00024280374428931983,0.9698
52,0.09347516298294067,0.00024280374428931983,0.97
53,0.09282175451517105,0.0002811411775981598,0.97
54,0.0928119421005249,0.0002811411775981598,0.9702
55,0.09238343685865402,0.00030030989425257977,0.9702
56,0.09214938431978226,0.00030030989425257977,0.9704
57,0.09200484305620193,0.0003066994664707198,0.9704
58,0.09148746728897095,0.0003066994664707198,0.9706
59,0.09103809297084808,0.00033225775534327976,0.9706
60,0.09082628786563873,0.00033225775534327976,0.9708
61,0.09036225080490112,0.0003514264719976998,0.9708
62,0.08950579166412354,0.0003514264719976998,0.9712
63,0.08912062644958496,0.00036420561643397975,0.9712
64,0.08884651213884354,0.00036420561643397975,0.9714
65,0.08830803632736206,0.00037059518865211974,0.9714
66,0.08818764239549637,0.00037059518865211974,0.9716
67,0.0878743901848793,0.0003769847608702597,0.9716
68,0.08752969652414322,0.0003769847608702597,0.9718
69,0.08725914359092712,0.00039615347752467974,0.9718
70,0.08687246590852737,0.00039615347752467974,0.972
71,0.08666076511144638,0.0004153221941790997,0.972
72,0.08621584624052048,0.0004153221941790997,0.9722
73,0.08589804172515869,0.0004281013386153797,0.9722
74,0.08555986732244492,0.0004281013386153797,0.9724
75,0.0849655419588089,0.0004408804830516597,0.9724
76,0.08490458130836487,0.0004408804830516597,0.9726
77,0.08478864282369614,0.00046004919970607966,0.9726
78,0.08359602838754654,0.00046004919970607966,0.973
79,0.08294795453548431,0.0004792179163604997,0.973
80,0.08294244855642319,0.0004792179163604997,0.9732
81,0.08259950578212738,0.0004983866330149196,0.9732
82,0.08228980004787445,0.0004983866330149196,0.9734
83,0.0817432627081871,0.0005111657774511996,0.9734
84,0.08163785189390182,0.0005111657774511996,0.9736
85,0.08125607669353485,0.0005303344941056196,0.9736
86,0.08098652958869934,0.0005303344941056196,0.9738
87,0.08049001544713974,0.0005495032107600396,0.9738
88,0.08033590763807297,0.0005495032107600396,0.974
89,0.07974887639284134,0.0005622823551963196,0.974
90,0.0796860083937645,0.0005622823551963196,0.9742
91,0.0793738067150116,0.0005750614996325996,0.9742
92,0.07903672754764557,0.0005750614996325996,0.9744
93,0.07841740548610687,0.0005878406440688796,0.9744
94,0.07838811725378036,0.0005878406440688796,0.9746
95,0.07810340076684952,0.0006133989329414396,0.9746
96,0.07774018496274948,0.0006133989329414396,0.9748
97,0.07709399610757828,0.0006517363662502795,0.9748
98,0.07698343694210052,0.0006517363662502795,0.9752
99,0.07655978202819824,0.0006900737995591195,0.9752
100,0.07644643634557724,0.0006900737995591195,0.9754
101,0.07634445279836655,0.0006964633717772595,0.9754
102,0.0763373076915741,0.0006964633717772595,0.9756
103,0.07589147239923477,0.0007156320884316795,0.9756
104,0.07580126076936722,0.0007156320884316795,0.9758
105,0.0757310688495636,0.0007284112328679595,0.9758
106,0.07569187134504318,0.0007284112328679595,0.976
107,0.07509918510913849,0.0007667486661767994,0.976
108,0.07504715025424957,0.0007667486661767994,0.9762
109,0.07440614700317383,0.0008114756717037794,0.9762
110,0.07440316677093506,0.0008114756717037794,0.9764
111,0.07377845793962479,0.0008498131050126194,0.9764
112,0.07375983148813248,0.0008498131050126194,0.9766
113,0.07312658429145813,0.0009009296827577394,0.9766
114,0.0731172189116478,0.0009009296827577394,0.9768
115,0.07271410524845123,0.0009520462605028593,0.9768
116,0.07247529923915863,0.0009520462605028593,0.977
117,0.07183945924043655,0.0009903836938116993,0.977
118,0.07183410227298737,0.0009903836938116993,0.9772
119,0.07125578075647354,0.0010415002715568192,0.9772
120,0.07119367271661758,0.0010415002715568192,0.9774
121,0.07083328068256378,0.0010926168493019391,0.9774
122,0.07055391371250153,0.0010926168493019391,0.9776
123,0.06994813680648804,0.001137343854828919,0.9776
124,0.06991488486528397,0.001137343854828919,0.9778
125,0.06950297206640244,0.0011565125714833391,0.9778
126,0.0692765861749649,0.0011565125714833391,0.978
127,0.06880559027194977,0.0011948500047921791,0.978
128,0.06863901764154434,0.0011948500047921791,0.9782
129,0.06802602112293243,0.0012395770103191591,0.9782
130,0.06800224632024765,0.0012395770103191591,0.9784
131,0.06742274016141891,0.001303472732500559,0.9784
132,0.06736597418785095,0.001303472732500559,0.9786
133,0.06675779074430466,0.001386537171336379,0.9786
134,0.06673066318035126,0.001386537171336379,0.9788
135,0.06610624492168427,0.001475991182390339,0.9788
136,0.06609610468149185,0.001475991182390339,0.979
137,0.06549283117055893,0.001584613910098719,0.979
138,0.06546230614185333,0.001584613910098719,0.9792
139,0.06492970138788223,0.0016612887767163988,0.9792
140,0.06482929736375809,0.0016612887767163988,0.9794
141,0.06422494351863861,0.0017315740711159387,0.9794
142,0.0641971006989479,0.0017315740711159387,0.9796
143,0.0636548176407814,0.0018529759432605987,0.9796
144,0.06356565654277802,0.0018529759432605987,0.9798
145,0.06294531375169754,0.0019360403820964187,0.9798
146,0.062935009598732,0.0019360403820964187,0.98
147,0.062306471168994904,0.0020638318264592187,0.98
148,0.06230516359210014,0.0020638318264592187,0.9802
149,0.06187901645898819,0.0021277275486406184,0.9802
150,0.06167592853307724,0.0021277275486406184,0.9804
151,0.0610584020614624,0.0022171815596945784,0.9804
152,0.06104772537946701,0.0022171815596945784,0.9806
153,0.06043437123298645,0.0022938564263122584,0.9806
154,0.06042040139436722,0.0022938564263122584,0.9808
155,0.059844888746738434,0.0023769208651480784,0.9808
156,0.0597938671708107,0.0023769208651480784,0.981
157,0.05917030945420265,0.0024344270151113383,0.981
158,0.05916576460003853,0.0024344270151113383,0.9812
159,0.05858961492776871,0.002536660170601578,0.9812
160,0.058538153767585754,0.002536660170601578,0.9814
161,0.0579584464430809,0.002613335037219258,0.9814
162,0.05791142210364342,0.002613335037219258,0.9816
163,0.05729115009307861,0.002728347337145778,0.9816
164,0.05728558450937271,0.002728347337145778,0.9818
165,0.05668194591999054,0.002830580492636018,0.9818
166,0.056660596281290054,0.002830580492636018,0.982
167,0.056038398295640945,0.002958371936998818,0.982
168,0.05603649839758873,0.002958371936998818,0.9822
169,0.05547325313091278,0.0031053320980160377,0.9822
170,0.05541332811117172,0.0031053320980160377,0.9824
171,0.054834019392728806,0.003258681831251398,0.9824
172,0.05479106679558754,0.003258681831251398,0.9826
173,0.05418021231889725,0.0034695377144500178,0.9826
174,0.05416979640722275,0.0034695377144500178,0.9828
175,0.05356090888381004,0.0036867831698667772,0.9828
176,0.05354943126440048,0.0036867831698667772,0.983
177,0.052941758185625076,0.0038912494808472572,0.983
178,0.05293005332350731,0.0038912494808472572,0.9832
179,0.05232810229063034,0.004006261780773777,0.9832
180,0.05231165513396263,0.004006261780773777,0.9834
181,0.05170531943440437,0.004229896808408677,0.9834
182,0.051694270223379135,0.004229896808408677,0.9836
183,0.05109143257141113,0.004523817130443117,0.9836
184,0.05107790231704712,0.004523817130443117,0.9838
185,0.050515882670879364,0.0047857895913868565,0.9838
186,0.050462618470191956,0.0047857895913868565,0.984
187,0.04990210011601448,0.005054151624548736,0.984
188,0.049848366528749466,0.005054151624548736,0.9842
189,0.049249887466430664,0.005303344941056196,0.9842
190,0.04923504963517189,0.005303344941056196,0.9844
191,0.04862513393163681,0.005552538257563656,0.9844
192,0.04862300679087639,0.005552538257563656,0.9846
193,0.048021454364061356,0.005795342001852976,0.9846
194,0.04801209270954132,0.005795342001852976,0.9848
195,0.04740304499864578,0.006070093607232996,0.9848
196,0.047402363270521164,0.006070093607232996,0.985
197,0.046797093003988266,0.006402351362576275,0.985
198,0.04679384082555771,0.006402351362576275,0.9852
199,0.046195145696401596,0.006670713395738155,0.9852
200,0.04618651047348976,0.006670713395738155,0.9854
201,0.04558582976460457,0.006881569278936775,0.9854
202,0.0455804243683815,0.006881569278936775,0.9856
203,0.04498128220438957,0.007156320884316795,0.9856
204,0.0449756383895874,0.007156320884316795,0.9858
205,0.04438147693872452,0.007482189067441935,0.9858
206,0.04437214508652687,0.007482189067441935,0.986
207,0.04378368332982063,0.007833615539439634,0.986
208,0.043769896030426025,0.007833615539439634,0.9862
209,0.043176062405109406,0.008153094150346634,0.9862
210,0.04316919669508934,0.008153094150346634,0.9864
211,0.04257633909583092,0.008562026772307593,0.9864
212,0.04256989806890488,0.008562026772307593,0.9866
213,0.04202461615204811,0.008887894955432733,0.9866
214,0.04197205975651741,0.008887894955432733,0.9868
215,0.04138084128499031,0.009226542282994153,0.9868
216,0.04137575253844261,0.009226542282994153,0.987
217,0.04080112650990486,0.009686591482700234,0.987
218,0.040781017392873764,0.009686591482700234,0.9872
219,0.040199365466833115,0.010331938276732372,0.9872
220,0.040187910199165344,0.010331938276732372,0.9874
221,0.039601948112249374,0.010887831059710553,0.9874
222,0.03959646075963974,0.010887831059710553,0.9876
223,0.03901052474975586,0.011398996837161751,0.9876
224,0.03900672122836113,0.011398996837161751,0.9878
225,0.038424257189035416,0.011910162614612951,0.9878
226,0.03841889277100563,0.011910162614612951,0.988
227,0.03783738985657692,0.012293536947701352,0.988
228,0.037832826375961304,0.012293536947701352,0.9882
229,0.03726094588637352,0.012721638286316731,0.9882
230,0.03724852576851845,0.012721638286316731,0.9884
231,0.0366656631231308,0.01334142679147631,0.9884
232,0.036660172045230865,0.01334142679147631,0.9886
233,0.03607073426246643,0.01385898214114565,0.9886
234,0.036055926233530045,0.01385898214114565,0.9888
235,0.03547237440943718,0.01438292706303313,0.9888
236,0.03545396402478218,0.01438292706303313,0.989
237,0.034860849380493164,0.01502188428484713,0.989
238,0.03485438972711563,0.01502188428484713,0.9892
239,0.03425900638103485,0.01575029551771509,0.9892
240,0.03425731509923935,0.01575029551771509,0.9894
241,0.03366471081972122,0.016772627072617487,0.9894
242,0.03366279602050781,0.016772627072617487,0.9896
243,0.03307102248072624,0.017814127344174306,0.9896
244,0.03307097777724266,0.017814127344174306,0.9898
245,0.03248320519924164,0.019264560237692085,0.9898
246,0.03248196840286255,0.019264560237692085,0.99
247,0.03190050646662712,0.020631928692374044,0.99
248,0.03189591318368912,0.020631928692374044,0.9902
249,0.03131566941738129,0.022229321746909045,0.9902
250,0.03131149709224701,0.022229321746909045,0.9904
251,0.030733196064829826,0.02419730999009616,0.9904
252,0.030725717544555664,0.02419730999009616,0.9906
253,0.030142994597554207,0.02631864796651864,0.9906
254,0.030141666531562805,0.02631864796651864,0.9908
255,0.02990034408867359,0.02724513593814894,0.9908
256,0.029899612069129944,0.02725791508258522,0.9908
257,0.029557790607213974,0.02884252899268394,0.9908
258,0.02955702319741249,0.02884252899268394,0.991
259,0.028976604342460632,0.0314878118909939,0.991
260,0.028975026682019234,0.0314878118909939,0.9912
261,0.028672149404883385,0.0327337784735312,0.9912
262,0.028670160099864006,0.03274655761796748,0.9912
263,0.028395863249897957,0.034094757355995015,0.9912
264,0.02839578688144684,0.034094757355995015,0.9914
265,0.02836085855960846,0.034280054950321076,0.9914
266,0.0283606369048357,0.034292834094757356,0.9914
267,0.028292646631598473,0.03466342928340948,0.9914
268,0.02829251065850258,0.03467620842784576,0.9914
269,0.02781975455582142,0.037155362448484074,0.9914
270,0.027819428592920303,0.037155362448484074,0.9916
271,0.02724730782210827,0.04021596754097313,0.9916
272,0.02724609524011612,0.04021596754097313,0.9918
273,0.02667694166302681,0.04365355739433245,0.9918
274,0.026675941422581673,0.04365355739433245,0.992
275,0.02610952965915203,0.047327561419762944,0.992
276,0.026109090074896812,0.047327561419762944,0.9922
277,0.02565784566104412,0.05020286891792595,0.9922
278,0.025657568126916885,0.05021564806236223,0.9922
279,0.02554621361196041,0.051084629884029266,0.9922
280,0.025545677170157433,0.051084629884029266,0.9924
281,0.02513497695326805,0.05365962748793968,0.9924
282,0.02513403631746769,0.05367240663237596,0.9924
283,0.025015810504555702,0.054534998881824864,0.9924
284,0.02501489594578743,0.054547778026261144,0.9924
285,0.02498619072139263,0.054809750487204885,0.9924
286,0.024986011907458305,0.054809750487204885,0.9926
287,0.02443852089345455,0.059263282323248456,0.9926
288,0.02443784475326538,0.059276061467684736,0.9926
289,0.02443036623299122,0.059339957189866135,0.9926
290,0.02443031035363674,0.059339957189866135,0.9928
291,0.02420743927359581,0.06098846682214626,0.9928
292,0.02420625649392605,0.06100124596658254,0.9928
293,0.024145131930708885,0.061448516021852334,0.9928
294,0.024144332855939865,0.061461295166288614,0.9928
295,0.024099253118038177,0.06183827992715887,0.9928
296,0.024099158123135567,0.06185105907159515,0.9928
297,0.023879311978816986,0.06363374972045621,0.9928
298,0.023878570646047592,0.06363374972045621,0.993
299,0.02332557551562786,0.06828535829526214,0.993
300,0.023325329646468163,0.06828535829526214,0.9932
301,0.023262597620487213,0.06873901792275007,0.9932
302,0.023259781301021576,0.06875179706718636,0.9932
303,0.022775396704673767,0.07346730136417366,0.9932
304,0.02277402952313423,0.07346730136417366,0.9934
305,0.022471904754638672,0.07701351394524136,0.9934
306,0.022471847012639046,0.07702629308967765,0.9934
307,0.022228483110666275,0.0801188460432574,0.9934
308,0.022227806970477104,0.0801188460432574,0.9936
309,0.022199004888534546,0.0804702725152551,0.9936
310,0.022198941558599472,0.08048305165969138,0.9936
311,0.021827900782227516,0.08528800996773266,0.9936
312,0.021827833727002144,0.08530078911216894,0.9936
313,0.02168790064752102,0.08715376505542954,0.9936
314,0.021687015891075134,0.08715376505542954,0.9938
315,0.021608885377645493,0.08815692789367752,0.9938
316,0.021608661860227585,0.0881697070381138,0.9938
317,0.0214603953063488,0.0903741094533721,0.9938
318,0.02146022766828537,0.09038688859780837,0.9938
319,0.02141731046140194,0.0909491709530047,0.9938
320,0.02141616679728031,0.09096195009744097,0.9938
321,0.021298730745911598,0.09263601801859365,0.9938
322,0.021298343315720558,0.09264879716302994,0.9938
323,0.02117784135043621,0.09439953995080029,0.9938
324,0.021177805960178375,0.09441231909523658,0.9938
325,0.021153191104531288,0.0947829142838887,0.9938
326,0.021151920780539513,0.0947829142838887,0.994
327,0.021095171570777893,0.09565828567777387,0.994
328,0.021094270050525665,0.09567106482221015,0.994
329,0.021057771518826485,0.09626529503849718,0.994
330,0.021057642996311188,0.09627807418293345,0.994
331,0.021020539104938507,0.09684035653812977,0.994
332,0.02101927623152733,0.09685313568256605,0.994
333,0.020961685106158257,0.09773489664866937,0.994
334,0.020961586385965347,0.09774767579310566,0.994
335,0.020931141451001167,0.0982971790038657,0.994
336,0.020929962396621704,0.09830995814830197,0.994
337,0.020739838480949402,0.10145362767962685,0.994
338,0.020739736035466194,0.10146640682406313,0.994
339,0.020623065531253815,0.10349190121721351,0.994
340,0.020623033866286278,0.10349190121721351,0.9942
341,0.02054593339562416,0.10471230951087825,0.9942
342,0.020545799285173416,0.10472508865531453,0.9942
343,0.02010095864534378,0.11303792211111466,0.9942
344,0.020100710913538933,0.11303792211111466,0.9944
345,0.019990084692835808,0.1153765055429539,0.9944
346,0.019989870488643646,0.11538928468739018,0.9944
347,0.01991310715675354,0.11705057346410658,0.9944
348,0.019913073629140854,0.11706335260854286,0.9944
349,0.019781768321990967,0.120264528289831,0.9944
350,0.019781693816184998,0.12027730743426727,0.9944
351,0.019766639918088913,0.1206798504840101,0.9944
352,0.019766317680478096,0.12069262962844637,0.9944
353,0.019636735320091248,0.12359988498770007,0.9944
354,0.0196364913135767,0.12361266413213635,0.9944
355,0.01959039457142353,0.12487779943132807,0.9944
356,0.019589988514780998,0.12489057857576435,0.9944
357,0.01958817057311535,0.12496086387016389,0.9944
358,0.019587814807891846,0.12496086387016389,0.9946
359,0.019541963934898376,0.1260790390083384,0.9946
360,0.019541822373867035,0.12609181815277468,0.9946
361,0.019517816603183746,0.1266221526468803,0.9946
362,0.019517796114087105,0.12663493179131657,0.9946
363,0.01948361098766327,0.12754225104629244,0.9946
364,0.019483491778373718,0.12755503019072872,0.9946
365,0.01938413828611374,0.13030893581674707,0.9946
366,0.01938372477889061,0.13032171496118336,0.9946
367,0.019296975806355476,0.1326922462541133,0.9946
368,0.019296759739518166,0.13270502539854956,0.9946
369,0.01928531751036644,0.13299255614836586,0.9946
370,0.019285032525658607,0.13300533529280215,0.9946
371,0.01927858404815197,0.13324174946487333,0.9946
372,0.019278431311249733,0.1332545286093096,0.9946
373,0.019270936027169228,0.1334909427813808,0.9946
374,0.019270597025752068,0.13350372192581705,0.9946
375,0.01914943754673004,0.13726717996230153,0.9946
376,0.019148942083120346,0.1372799591067378,0.9946
377,0.01908467523753643,0.1391968307721798,0.9946
378,0.0190846286714077,0.1391968307721798,0.9948
379,0.019065899774432182,0.13974633398293984,0.9948
380,0.019065793603658676,0.13975911312737613,0.9948
381,0.019025657325983047,0.14085172997667805,0.9948
382,0.019025595858693123,0.14086450912111434,0.9948
383,0.01891658641397953,0.14355451902495128,0.9948
384,0.018916506320238113,0.14356729816938757,0.9948
385,0.018877854570746422,0.144819654324143,0.9948
386,0.018877699971199036,0.14483243346857927,0.9948
387,0.018812747672200203,0.146417047378678,0.9948
388,0.01881267875432968,0.1464298265231143,0.9948
389,0.018799342215061188,0.14679403213954825,0.9948
390,0.018799301236867905,0.14680681128398454,0.9948
391,0.018767835572361946,0.14770135139452414,0.9948
392,0.0187677089124918,0.1477141305389604,0.9948
393,0.018663514405488968,0.1508769687869397,0.9948
394,0.018663296476006508,0.150889747931376,0.9948
395,0.018654638901352882,0.15129229098111882,0.9948
396,0.018654493615031242,0.1513050701255551,0.9948
397,0.018652113154530525,0.15139452413660906,0.9948
398,0.018651898950338364,0.15140730328104535,0.9948
399,0.018638508394360542,0.15198875435289608,0.9948
400,0.018638206645846367,0.15200153349733236,0.9948
401,0.018587572500109673,0.15428261077920832,0.9948
402,0.018587497994303703,0.15428261077920832,0.995
403,0.01858181320130825,0.15454458324015208,0.995
404,0.018581578508019447,0.15455736238458836,0.995
405,0.018572745844721794,0.15495990543433116,0.995
406,0.018572479486465454,0.15497268457876745,0.995
407,0.01856575533747673,0.15524104661192933,0.995
408,0.018565718084573746,0.15525382575636562,0.995
409,0.01855650544166565,0.15567553752276286,0.995
410,0.018556326627731323,0.15568831666719912,0.995
411,0.018547970801591873,0.1560205744225424,0.995
412,0.018547790125012398,0.1560333535669787,0.995
413,0.018541689962148666,0.1562889364557043,0.995
414,0.018541589379310608,0.1563081051723587,0.995
415,0.018535370007157326,0.1565636880610843,0.995
416,0.018535152077674866,0.1565764672055206,0.995
417,0.018531251698732376,0.1567553752276285,0.995
418,0.01853089965879917,0.1567681543720648,0.995
419,0.018522460013628006,0.15719625571068016,0.995
420,0.01852225698530674,0.15720903485511645,0.995
421,0.018467621877789497,0.15929842497044822,0.995
422,0.018467528745532036,0.1593112041148845,0.995
423,0.018439926207065582,0.16028880866425993,0.995
424,0.018439678475260735,0.16030158780869622,0.995
425,0.018288660794496536,0.1644675888949235,0.995
426,0.01828859932720661,0.16448036803935975,0.995
427,0.018214475363492966,0.1661288776716399,0.995
428,0.018214361742138863,0.16614165681607618,0.995
429,0.0181483943015337,0.16770710200952046,0.995
430,0.018147651106119156,0.16771988115395675,0.995
431,0.01814337819814682,0.16780294559279257,0.995
432,0.018143292516469955,0.16781572473722883,0.995
433,0.018137773498892784,0.16793712660937352,0.995
434,0.018137654289603233,0.16794990575380978,0.995
435,0.018085656687617302,0.1691830931919108,0.995
436,0.018085205927491188,0.1691830931919108,0.9952
437,0.018050720915198326,0.169969010574742,0.9952
438,0.01805063709616661,0.1699817897191783,0.9952
439,0.01789773441851139,0.17394971406664325,0.9952
440,0.01789727807044983,0.1739624932110795,0.9952
441,0.017861295491456985,0.17486342289383724,0.9952
442,0.01786128245294094,0.17487620203827353,0.9952
443,0.01771194487810135,0.1782690648861059,0.9952
444,0.01771186664700508,0.17828184403054215,0.9952
445,0.017584310844540596,0.18148940928404844,0.9952
446,0.01758425496518612,0.18148940928404844,0.9954
447,0.017487332224845886,0.18377687613814256,0.9954
448,0.017487291246652603,0.18378965528257882,0.9954
449,0.017483044415712357,0.18389188843806908,0.9954
450,0.01748260110616684,0.18391744672694163,0.9954
451,0.017438964918255806,0.18506756972620683,0.9954
452,0.017438627779483795,0.18508034887064312,0.9954
453,0.017402296885848045,0.1861474074310725,0.9954
454,0.017402056604623795,0.18616018657550876,0.9954
455,0.01732465624809265,0.18834542027411263,0.9954
456,0.017324328422546387,0.18835819941854892,0.9954
457,0.01721131056547165,0.19132296092776588,0.9954
458,0.0172113087028265,0.19133574007220217,0.9954
459,0.017205456271767616,0.19150825852209194,0.9954
460,0.017205320298671722,0.19152103766652823,0.9954
461,0.017143627628684044,0.1930353662822274,0.9954
462,0.017143316566944122,0.19304814542666368,0.9954
463,0.017094401642680168,0.19412798313152935,0.9954
464,0.01709432154893875,0.19412798313152935,0.9956
465,0.01696096733212471,0.19697134276860165,0.9956
466,0.016960736364126205,0.19698412191303794,0.9956
467,0.016838671639561653,0.19933548448931343,0.9956
468,0.016838647425174713,0.19934826363374972,0.9956
469,0.016614161431789398,0.2037378997476119,0.9956
470,0.016614019870758057,0.2037378997476119,0.9958
471,0.016485728323459625,0.2063128973515223,0.9958
472,0.016485586762428284,0.2063256764959586,0.9958
473,0.016400659456849098,0.20806364013929268,0.9958
474,0.0164002887904644,0.20807641928372894,0.9958
475,0.01624947413802147,0.2111498035206543,0.9958
476,0.01624884456396103,0.21116258266509058,0.9958
477,0.016144143417477608,0.21328392064151305,0.9958
478,0.01614413596689701,0.21328392064151305,0.996
479,0.016119621694087982,0.2137248011245647,0.996
480,0.016119003295898438,0.213737580269001,0.996
481,0.016079546883702278,0.21447877064630522,0.996
482,0.016078472137451172,0.2144915497907415,0.996
483,0.016072558239102364,0.21468323695728572,0.996
484,0.016072219237685204,0.21469601610172198,0.996
485,0.015964100137352943,0.21663844605603655,0.996
486,0.01596367545425892,0.21665122520047284,0.996
487,0.01586175709962845,0.21861282387144182,0.996
488,0.015861518681049347,0.21862560301587808,0.996
489,0.015761621296405792,0.220721382703428,0.996
490,0.015760932117700577,0.2207341618478643,0.996
491,0.0156856719404459,0.22207597201367368,0.996
492,0.015685496851801872,0.22207597201367368,0.9962
493,0.015589768998324871,0.2240439602568608,0.9962
494,0.015589607879519463,0.22405673940129708,0.9962
495,0.015331931412220001,0.2295198236478068,0.9962
496,0.015331131406128407,0.22953260279224305,0.9962
497,0.015239030122756958,0.23122583943005015,0.9962
498,0.015239021740853786,0.23122583943005015,0.9964
499,0.01510559767484665,0.23360914986741638,0.9964
500,0.015104972757399082,0.23362192901185266,0.9964
501,0.014863081276416779,0.237928500686879,0.9964
502,0.01486238930374384,0.237928500686879,0.9966
503,0.014776026830077171,0.23925753170825212,0.9966
504,0.014775876887142658,0.2392703108526884,0.9966
505,0.014633906073868275,0.24172390658445417,0.9966
506,0.0146336006000638,0.24173668572889045,0.9966
507,0.014443167485296726,0.2449889779879237,0.9966
508,0.01444148737937212,0.2449889779879237,0.9968
509,0.014438300393521786,0.2450337049934507,0.9968
510,0.014437969774007797,0.24504648413788696,0.9968
511,0.014416953548789024,0.2455001437653749,0.9968
512,0.014414988458156586,0.2455129229098112,0.9968
513,0.014300812035799026,0.2477364940417239,0.9968
514,0.014300172217190266,0.2477492731861602,0.9968
515,0.01410340890288353,0.2517491453947158,0.9968
516,0.01410324964672327,0.2517619245391521,0.9968
517,0.0140365706756711,0.25322513657710616,0.9968
518,0.014035907573997974,0.25322513657710616,0.997
519,0.014003809541463852,0.2539215999488834,0.997
520,0.014002937823534012,0.25393437909331973,0.997
521,0.013895697891712189,0.2566052202805022,0.997
522,0.013895639218389988,0.2566179994249385,0.997
523,0.013867261819541454,0.2577489537075493,0.997
524,0.01386718824505806,0.25776173285198556,0.997
525,0.01383410394191742,0.25913549087888565,0.997
526,0.013834008015692234,0.2591482700233219,0.997
527,0.013685200363397598,0.26469441870866744,0.997
528,0.013685185462236404,0.26470719785310376,0.997
529,0.013683764263987541,0.2647710935752851,0.997
530,0.013683418743312359,0.2647838727197214,0.997
531,0.013661522418260574,0.2654739465192805,0.997
532,0.013660967350006104,0.26548672566371684,0.997
533,0.013647873885929585,0.2660553975911313,0.997
534,0.013647669926285744,0.26606817673556754,0.997
535,0.013646934181451797,0.26611290374109453,0.997
536,0.013646886684000492,0.26611290374109453,0.9972
537,0.01363439206033945,0.2665537842241462,0.9972
538,0.0136343352496624,0.2665665633685825,0.9972
539,0.013609488494694233,0.26747388262355837,0.9972
540,0.013609250076115131,0.2674866617679946,0.9972
541,0.013304364867508411,0.2748793968243826,0.9972
542,0.013303571380674839,0.2748921759688189,0.9972
543,0.013259089551866055,0.2758186639404492,0.9972
544,0.013259012252092361,0.2758186639404492,0.9974
545,0.013063693419098854,0.2797290821379509,0.9974
546,0.01306332740932703,0.27974186128238715,0.9974
547,0.013006127439439297,0.2807897511261621,0.9974
548,0.013005723245441914,0.28080253027059837,0.9974
549,0.012924876995384693,0.2822785214529887,0.9974
550,0.012924798764288425,0.282291300597425,0.9974
551,0.012886781245470047,0.28308360755247436,0.9974
552,0.01288649719208479,0.28308360755247436,0.9976
553,0.012633264064788818,0.2882016548992045,0.9976
554,0.012633093632757664,0.2882144340436408,0.9976
555,0.012533620931208134,0.2903932781700265,0.9976
556,0.012533486820757389,0.2903932781700265,0.9978
557,0.012455614283680916,0.2922590332577234,0.9978
558,0.012455613352358341,0.29227181240215966,0.9978
559,0.01241007074713707,0.2935049998402607,0.9978
560,0.012409905903041363,0.293517778984697,0.9978
561,0.01227707602083683,0.29761988434874287,0.9978
562,0.012277020141482353,0.29763266349317913,0.9978
563,0.012270847335457802,0.29786907766525034,0.9978
564,0.012270797044038773,0.2978818568096866,0.9978
565,0.01224580965936184,0.29857832018146385,0.9978
566,0.012245510704815388,0.2985910993259001,0.9978
567,0.012204655446112156,0.2999840260694546,0.9978
568,0.012204446829855442,0.29999680521389094,0.9978
569,0.01220165565609932,0.30007986965272676,0.9978
570,0.012201618403196335,0.30007986965272676,0.998
571,0.012198210693895817,0.30017571323599884,0.998
572,0.012198015116155148,0.30018849238043516,0.998
573,0.012075807899236679,0.3045909076387336,0.998
574,0.012075696140527725,0.30460368678316985,0.998
575,0.012025129050016403,0.30655250630970254,0.998
576,0.012025087140500546,0.30656528545413886,0.998
577,0.011903541162610054,0.31114660873454525,0.998
578,0.011903537437319756,0.3111593878789815,0.998
579,0.011892726644873619,0.31161304750646945,0.998
580,0.011892600916326046,0.31161304750646945,0.9982
581,0.011887379921972752,0.31179195552857736,0.9982
582,0.011887080036103725,0.3118047346730136,0.9982
583,0.0118809062987566,0.3120667071339574,0.9982
584,0.01188083365559578,0.31207948627839366,0.9982
585,0.011811532080173492,0.3150378582153925,0.9982
586,0.011811391450464725,0.31505063735982874,0.9982
587,0.011767414398491383,0.3166096929810549,0.9982
588,0.011767339892685413,0.3166224721254912,0.9982
589,0.011739804409444332,0.31756812881377594,0.9982
590,0.01173948310315609,0.3175809079582122,0.9982
591,0.011690664105117321,0.31956806491805373,0.9982
592,0.011690660379827023,0.31958084406249004,0.9982
593,0.01165603008121252,0.3215168844445864,0.9982
594,0.01165586058050394,0.32152966358902274,0.9982
595,0.011608215980231762,0.3247052809814383,0.9982
596,0.011608213186264038,0.3247052809814383,0.9984
597,0.011592102237045765,0.32604709114724767,0.9984
598,0.011591896414756775,0.326059870291684,0.9984
599,0.011589272879064083,0.32628989489153704,0.9984
600,0.011589165776968002,0.3263026740359733,0.9984
601,0.011569774709641933,0.32814926040701575,0.9984
602,0.011569757014513016,0.328162039551452,0.9984
603,0.01156377512961626,0.3287179323344302,0.9984
604,0.011563688516616821,0.3287307114788665,0.9984
605,0.01155103836208582,0.3295102392894796,0.9984
606,0.011550957337021828,0.32952301843391585,0.9984
607,0.011547473259270191,0.3297977700392959,0.9984
608,0.011546849273145199,0.32981054918373215,0.9984
609,0.011546313762664795,0.329848886617041,0.9984
610,0.011546269059181213,0.3298616657614773,0.9984
611,0.01153868343681097,0.3303472732500559,0.9984
612,0.011538547463715076,0.3303600523944922,0.9984
613,0.011527340859174728,0.3312545925050318,0.9984
614,0.011527334339916706,0.33126737164946807,0.9984
615,0.011522896587848663,0.3315676815437206,0.9984
616,0.011522870510816574,0.33158046068815694,0.9984
617,0.01150348037481308,0.33328647647040033,0.9984
618,0.01150340586900711,0.3332992556148366,0.9984
619,0.011501329019665718,0.3335101114980352,0.9984
620,0.011501246131956577,0.3335228906424715,0.9984
621,0.011495542712509632,0.33404044599214083,0.9984
622,0.011495482176542282,0.3340532251365771,0.9984
623,0.011494839563965797,0.33411073128654034,0.9984
624,0.011494798585772514,0.33412351043097666,0.9984
625,0.011492062360048294,0.3343599246030478,0.9984
626,0.011491955257952213,0.3343727037474841,0.9984
627,0.011479709297418594,0.33561228075780325,0.9984
628,0.011479700915515423,0.33562505990223956,0.9984
629,0.011478395201265812,0.33572090348551165,0.9984
630,0.011478379368782043,0.3357336826299479,0.9984
631,0.011477394960820675,0.3357975783521293,0.9984
632,0.011477207764983177,0.3358103574965656,0.9984
633,0.011476941406726837,0.33583591578543814,0.9984
634,0.01147691160440445,0.33584869492987446,0.9984
635,0.011463690549135208,0.3369924283569215,0.9984
636,0.011463684029877186,0.33700520750135776,0.9984
637,0.011451786383986473,0.33821283665058627,0.9984
638,0.011451702564954758,0.3382256157950225,0.9984
639,0.01144050620496273,0.3392607264943612,0.9984
640,0.011440442875027657,0.3392735056387975,0.9984
641,0.01142012421041727,0.3413245583208204,0.9984
642,0.011420012451708317,0.3413373374652567,0.9984
643,0.011416901834309101,0.3416376473595093,0.9984
644,0.01141687948256731,0.34165042650394556,0.9984
645,0.011395818553864956,0.3435097920194243,0.9984
646,0.011395812965929508,0.3435225711638606,0.9984
647,0.011388229206204414,0.34421903453563785,0.9984
648,0.011388168670237064,0.3442318136800741,0.9984
649,0.011384143494069576,0.34463435672981696,0.9984
650,0.011384118348360062,0.3446471358742532,0.9984
651,0.01137493085116148,0.3454011053959937,0.9984
652,0.0113748200237751,0.34541388454043004,0.9984
653,0.01136787235736847,0.3461295166288617,0.9984
654,0.01136785838752985,0.34614229577329797,0.9984
655,0.01136320922523737,0.34658956582856776,0.9984
656,0.011363188736140728,0.3466023449730041,0.9984
657,0.01134447380900383,0.3486853455161177,0.9984
658,0.01134445983916521,0.348698124660554,0.9984
659,0.011343992315232754,0.3487300725216447,0.9984
660,0.011343983933329582,0.34874285166608093,0.9984
661,0.011343393474817276,0.3487939682438261,0.9984
662,0.011343336664140224,0.34880674738826234,0.9984
663,0.011342783458530903,0.34882591610491676,0.9984
664,0.011342748999595642,0.34882591610491676,0.9986
665,0.01134200394153595,0.34887064311044375,0.9986
666,0.0113419434055686,0.34888342225488006,0.9986
667,0.011339262127876282,0.34920290086578704,0.9986
668,0.011339236050844193,0.3492156800102233,0.9986
669,0.011336366645991802,0.34955432733778474,0.9986
670,0.011336339637637138,0.349567106482221,0.9986
671,0.011335086077451706,0.34970128749880197,0.9986
672,0.011334962211549282,0.34971406664323823,0.9986
673,0.011332613416016102,0.34996964953196386,0.9986
674,0.011332561261951923,0.3499824286764001,0.9986
675,0.011331930756568909,0.3500527139707997,0.9986
676,0.011331908404827118,0.35006549311523594,0.9986
677,0.011330925859510899,0.350161336698508,0.9986
678,0.011330905370414257,0.35017411584294433,0.9986
679,0.011328940279781818,0.3504296987316699,0.9986
680,0.011328923515975475,0.3504424778761062,0.9986
681,0.01132723968476057,0.35064055461486854,0.9986
682,0.011327182874083519,0.3506533337593048,0.9986
683,0.011319293640553951,0.3516884444586435,0.9986
684,0.011319290846586227,0.35170122360307976,0.9986
685,0.011317892000079155,0.35191846905849655,0.9986
686,0.011317883618175983,0.3519312482029328,0.9986
687,0.011315117590129375,0.3523912974026389,0.9986
688,0.011315095238387585,0.3524040765470752,0.9986
689,0.0113137885928154,0.3526213220024919,0.9986
690,0.011313732713460922,0.3526341011469282,0.9986
691,0.011307059787213802,0.3535541995463404,0.9986
692,0.011307046748697758,0.35356697869077663,0.9986
693,0.011300668120384216,0.35475543912335067,0.9986
694,0.011300665326416492,0.354768218267787,0.9986
695,0.011295825242996216,0.35561803137279957,0.9986
696,0.011295766569674015,0.3556308105172359,0.9986
697,0.011292548850178719,0.35612919715025076,0.9986
698,0.011292532086372375,0.3561419762946871,0.9986
699,0.011292092502117157,0.3562122615890866,0.9986
700,0.011292069219052792,0.3562250407335229,0.9986
701,0.011289108544588089,0.35672981693875594,0.9986
702,0.011289097368717194,0.35674259608319225,0.9986
703,0.011273379437625408,0.3585891824542347,0.9986
704,0.011273282580077648,0.35860196159867097,0.9986
705,0.011256872676312923,0.36018018593655154,0.9986
706,0.011256646364927292,0.3601929650809878,0.9986
707,0.01124871987849474,0.36081914315836555,0.9986
708,0.011248691007494926,0.3608319223028018,0.9986
709,0.011246815323829651,0.3609852720360372,0.9986
710,0.011246686801314354,0.36099805118047346,0.9986
711,0.011225715279579163,0.3625507172294815,0.9986
712,0.011225653812289238,0.36256349637391777,0.9986
713,0.011207460425794125,0.36369445065652856,0.9986
714,0.011207390576601028,0.3637072298009648,0.9986
715,0.011203473433852196,0.36400753969521743,0.9986
716,0.011203469708561897,0.3640203188396537,0.9986
717,0.01118476502597332,0.36522794798888214,0.9986
718,0.011184749193489552,0.3652407271333184,0.9986
719,0.011134057305753231,0.36799463275933675,0.9986
720,0.011134029366075993,0.36800741190377306,0.9986
721,0.011107838712632656,0.3689147311587489,0.9986
722,0.011107728816568851,0.3689275103031852,0.9986
723,0.011090744286775589,0.36959202581387174,0.9986
724,0.01109000388532877,0.36959202581387174,0.9988
725,0.011076497845351696,0.3701479185968499,0.9988
726,0.01107631716877222,0.37016069774128624,0.9988
727,0.011049480177462101,0.37131082074055144,0.9988
728,0.011049340479075909,0.3713235998849877,0.9988
729,0.011007724329829216,0.37377080604453533,0.9988
730,0.011007694527506828,0.3737835851889716,0.9988
731,0.01099548488855362,0.3745695025718028,0.9988
732,0.010995112359523773,0.3745822817162391,0.9988
733,0.010986821725964546,0.375170122360308,0.9988
734,0.010986736044287682,0.37518290150474426,0.9988
735,0.010976611636579037,0.3757963004376857,0.9988
736,0.010976560413837433,0.37580907958212195,0.9988
737,0.010954068973660469,0.3774384204977477,0.9988
738,0.010953922756016254,0.37745119964218393,0.9988
739,0.010926558636128902,0.37954697932973386,0.9988
740,0.010926557704806328,0.3795597584741702,0.9988
741,0.01092655211687088,0.3795789271908246,0.9988
742,0.010926546528935432,0.37959170633526085,0.9988
743,0.010925807058811188,0.37975144564071434,0.9988
744,0.010925572365522385,0.37976422478515065,0.9988
745,0.010918285697698593,0.38040318200696466,0.9988
746,0.010918278247117996,0.3804159611514009,0.9988
747,0.010913817211985588,0.3807929459122712,0.9988
748,0.010913732461631298,0.38080572505670746,0.9988
749,0.010895387269556522,0.3826139739944411,0.9988
750,0.010895326733589172,0.38262675313887734,0.9988
751,0.010891278274357319,0.3829717900386569,0.9988
752,0.010891196317970753,0.3829845691830932,0.9988
753,0.010878428816795349,0.3842688731989393,0.9988
754,0.0108784269541502,0.38428165234337563,0.9988
755,0.010876081883907318,0.3845180665154468,0.9988
756,0.010875977575778961,0.38453084565988305,0.9988
757,0.010872871614992619,0.38483754512635376,0.9988
758,0.010872861370444298,0.3848503242707901,0.9988
759,0.01087083201855421,0.38512507587617006,0.9988
760,0.010870796628296375,0.3851378550206064,0.9988
761,0.010866578668355942,0.38556595635922175,0.9988
762,0.010866567492485046,0.385578735503658,0.9988
763,0.010863498784601688,0.38578959138685665,0.9988
764,0.010863441973924637,0.3858023705312929,0.9988
765,0.010861773043870926,0.3859748889811827,0.9988
766,0.010861768387258053,0.3859748889811827,0.999
767,0.010850682854652405,0.3873039200025558,0.999
768,0.010850642807781696,0.3873166991469921,0.999
769,0.010844230651855469,0.3881153956742596,0.999
770,0.010844163596630096,0.3881281748186959,0.999
771,0.010838281363248825,0.3888501964793457,0.999
772,0.010838191024959087,0.38886297562378197,0.999
773,0.01083118561655283,0.38993003418421135,0.999
774,0.010831138119101524,0.38994281332864766,0.999
775,0.010828268714249134,0.3905306539727165,0.999
776,0.010828245431184769,0.3905434331171528,0.999
777,0.010827815160155296,0.3906264975559886,0.999
778,0.010827803984284401,0.3906392767004249,0.999
779,0.010827763006091118,0.3906520558448612,0.999
780,0.010827742516994476,0.3906648349892975,0.999
781,0.01082769874483347,0.39067761413373375,0.999
782,0.010827625170350075,0.39069039327817,0.999
783,0.01082694809883833,0.39083735343918724,0.999
784,0.010826905257999897,0.3908501325836235,0.999
785,0.010826735757291317,0.39090124916136865,0.999
786,0.010826700367033482,0.3909140283058049,0.999
787,0.010825219564139843,0.3912462860611482,0.999
788,0.010825061239302158,0.3912590652055845,0.999
789,0.010824814438819885,0.39132296092776586,0.999
790,0.010824807919561863,0.3913357400722022,0.999
791,0.010824693366885185,0.391374077505511,0.999
792,0.01082469243556261,0.39138685664994727,0.999
793,0.01082411129027605,0.3915082585220919,0.999
794,0.010824019089341164,0.3915338168109645,0.999
795,0.010823291726410389,0.3918021788441264,0.999
796,0.010823281481862068,0.39181495798856264,0.999
797,0.010823049582540989,0.3919108015718348,0.999
798,0.010823040269315243,0.39192358071627104,0.999
799,0.01082300953567028,0.39194274943292545,0.999
800,0.010823001153767109,0.39195552857736177,0.999
801,0.010822231881320477,0.39224305932717807,0.999
802,0.010822214186191559,0.3922558384716143,0.999
803,0.010821635834872723,0.3924603047825948,0.999
804,0.010821583680808544,0.39247308392703106,0.999
805,0.010820941999554634,0.39267755023801154,0.999
806,0.010820936411619186,0.39269032938244786,0.999
807,0.010820627212524414,0.3927478355324111,0.999
808,0.010820622555911541,0.39276061467684736,0.999
809,0.010819148272275925,0.3932590013098623,0.999
810,0.010819141753017902,0.39327178045429856,0.999
811,0.010818395763635635,0.3935273633430242,0.999
812,0.010818342678248882,0.39354014248746044,0.999
813,0.010817124508321285,0.3938979585316763,0.999
814,0.010817119851708412,0.3939235168205489,0.999
815,0.010816923342645168,0.3939938021149484,0.999
816,0.010816889815032482,0.3940065812593847,0.999
817,0.010816133581101894,0.3942366058592377,0.999
818,0.010816114954650402,0.394249385003674,0.999
819,0.010815870016813278,0.39433244944250984,0.999
820,0.010815863497555256,0.3943452285869461,0.999
821,0.010814709588885307,0.3945816427590173,0.999
822,0.010814700275659561,0.39459442190345356,0.999
823,0.0108145447447896,0.39468387591450754,0.999
824,0.010814523324370384,0.3946966550589438,0.999
825,0.010812411084771156,0.3953036644196671,0.999
826,0.010812385007739067,0.3953164435641034,0.999
827,0.010811344720423222,0.39562953260279227,0.999
828,0.010811305604875088,0.3956423117472285,0.999
829,0.010808751918375492,0.39636433340787836,0.999
830,0.01080871932208538,0.3963771125523146,0.999
831,0.010808316059410572,0.3964473978467142,0.999
832,0.010808314196765423,0.39646017699115044,0.999
833,0.01080806739628315,0.3965049039966774,0.999
834,0.010808054357767105,0.3965176831411137,0.999
835,0.010808042250573635,0.39652407271333184,0.999
836,0.010807990096509457,0.3965368518577681,0.999
837,0.010807596147060394,0.39660713715216767,0.999
838,0.01080754678696394,0.3966199162966039,0.999
839,0.010802107863128185,0.3977061435736877,0.999
840,0.010802093893289566,0.39771892271812403,0.999
841,0.010801034048199654,0.39800645346794034,0.999
842,0.010801018215715885,0.3980192326123766,0.999
843,0.010800959542393684,0.3980320117568129,0.999
844,0.010800957679748535,0.39804479090124917,0.999
845,0.010800475254654884,0.3981470240567394,0.999
846,0.010800420306622982,0.39815980320117567,0.999
847,0.010797783732414246,0.39865180026197244,0.999
848,0.010797775350511074,0.39866457940640876,0.999
849,0.010797468014061451,0.3987540334174627,0.999
850,0.010797465220093727,0.398766812561899,0.999
851,0.010797382332384586,0.3987859812785534,0.999
852,0.010797376744449139,0.3987987604229897,0.999
853,0.010796941816806793,0.39887543528960734,0.999
854,0.010796923190355301,0.39888821443404365,0.999
855,0.010788158513605595,0.4004344909108335,0.999
856,0.01078809518367052,0.4004472700552698,0.999
857,0.010788068175315857,0.40046004919970607,0.999
858,0.010788017883896828,0.4004728283441424,0.999
859,0.010787958279252052,0.4004919970607968,0.999
860,0.010787948034703732,0.40050477620523306,0.999
861,0.010787826031446457,0.4005239449218875,0.999
862,0.010787814855575562,0.40053672406632373,0.999
863,0.010787809267640114,0.4005431136385419,0.999
864,0.010787786915898323,0.4005558927829782,0.999
865,0.010786942206323147,0.4006964633717773,0.999
866,0.010786940343677998,0.40070924251621354,0.999
867,0.010784292593598366,0.40112456471039265,0.999
868,0.010784221813082695,0.4011373438548289,0.999
869,0.010749663226306438,0.405341682374365,0.999
870,0.010749632492661476,0.40535446151880133,0.999
871,0.010744847357273102,0.4058911855851251,0.999
872,0.010744831524789333,0.40590396472956136,0.999
873,0.010743839666247368,0.4060061978850516,0.999
874,0.010743801482021809,0.40601897702948786,0.999
875,0.010740303434431553,0.40644707836810323,0.999
876,0.01074020192027092,0.40645985751253955,0.999
877,0.010739479213953018,0.40658764895690236,0.999
878,0.010739476419985294,0.4066068176735568,0.999
879,0.010737038217484951,0.4069646337177726,0.999
880,0.010737009346485138,0.4069774128622089,0.999
881,0.010736173018813133,0.40709881473435355,0.999
882,0.010736125521361828,0.4071115938787898,0.999
883,0.010733737610280514,0.4074246829174787,0.999
884,0.01073370035737753,0.40743746206191495,0.999
885,0.01072673685848713,0.4084214561835085,0.999
886,0.010726711712777615,0.4084342353279448,0.999
887,0.010724706575274467,0.40871537650554296,0.999
888,0.010724648833274841,0.4087281556499792,0.999
889,0.010718625970184803,0.40971853934379093,0.999
890,0.010718517005443573,0.4097313184882272,0.999
891,0.010717852041125298,0.409903836938117,0.999
892,0.010717830620706081,0.40991661608255325,0.999
893,0.010716750286519527,0.4101658093990607,0.999
894,0.01071670651435852,0.41017858854349704,0.999
895,0.01071377657353878,0.41079198747643847,0.999
896,0.010713769122958183,0.41080476662087473,0.999
897,0.01071176864206791,0.41139899683716175,0.999
898,0.010711753740906715,0.411411775981598,0.999
899,0.01071111112833023,0.41161624229257854,0.999
900,0.010711107403039932,0.4116290214370148,0.999
901,0.010709166526794434,0.41219130379221114,0.999
902,0.010709140449762344,0.4122040829366474,0.999
903,0.010708403773605824,0.4124724449698093,0.999
904,0.010708384215831757,0.41248522411424554,0.999
905,0.01070726104080677,0.41285581930289766,0.999
906,0.010707244277000427,0.412868598447334,0.999
907,0.01070665754377842,0.41303472732500557,0.999
908,0.010706618428230286,0.4130475064694419,0.999
909,0.010705227963626385,0.41352033481358424,0.999
910,0.010705222375690937,0.4135331139580205,0.999
911,0.01070467010140419,0.4137311906967828,0.999
912,0.01070465613156557,0.41374396984121914,0.999
913,0.01070350967347622,0.41414012331874384,0.999
914,0.010703491047024727,0.4141529024631801,0.999
915,0.01070322748273611,0.4143126417686336,0.999
916,0.010703211650252342,0.4143254209130699,0.999
917,0.010702827014029026,0.4145107185073959,0.999
918,0.010702824220061302,0.4145234976518322,0.999
919,0.01070111058652401,0.4150857800070285,0.999
920,0.01070109847933054,0.4150985591514648,0.999
921,0.010700943879783154,0.4151432861569918,0.999
922,0.010700942948460579,0.41515606530142807,0.999
923,0.01069922000169754,0.41566723107887926,0.999
924,0.010699219070374966,0.4156800102233155,0.999
925,0.010698476806282997,0.4159483722564774,0.999
926,0.010698450729250908,0.4159611514009137,0.999
927,0.010698449797928333,0.4159675409731318,0.999
928,0.010698439553380013,0.41598032011756814,0.999
929,0.010697523131966591,0.4162550717229481,0.999
930,0.010697504505515099,0.41626785086738444,0.999
931,0.010695910081267357,0.41677901664483563,0.999
932,0.010695906355977058,0.4167917957892719,0.999
933,0.010695191100239754,0.41704098910577936,0.999
934,0.010695172473788261,0.4170537682502157,0.999
935,0.010692703537642956,0.41774384204977477,0.999
936,0.01069269422441721,0.41775662119421103,0.999
937,0.010689948685467243,0.41847864285486086,0.999
938,0.010689942166209221,0.4184914219992971,0.999
939,0.010686068795621395,0.4194434682598,0.999
940,0.010686022229492664,0.41945624740423626,0.999
941,0.01068599708378315,0.4194690265486726,0.999
942,0.010685974732041359,0.41948180569310883,0.999
943,0.010685949586331844,0.419488195265327,0.999
944,0.010685944929718971,0.41950097440976325,0.999
945,0.010683919303119183,0.42000575061499634,0.999
946,0.010683905333280563,0.4200185297594326,0.999
947,0.010682843625545502,0.42029328136481264,0.999
948,0.0106827886775136,0.4203060605092489,0.999
949,0.010680225677788258,0.420996134308808,0.999
950,0.010680199600756168,0.4210089134532443,0.999
951,0.010678513906896114,0.42135395035302387,0.999
952,0.010678495280444622,0.4213667294974601,0.999
953,0.010678066872060299,0.42150730008625925,0.999
954,0.010677972808480263,0.4215200792306955,0.999
955,0.010677078738808632,0.42170537682502157,0.999
956,0.010677027516067028,0.42171815596945783,0.999
957,0.010676944628357887,0.42173732468611225,0.999
958,0.010676926001906395,0.42175010383054856,0.999
959,0.01067621260881424,0.42192901185265647,0.999
960,0.010676195845007896,0.4219417909970927,0.999
961,0.010674592107534409,0.4222229321746909,0.999
962,0.010674580931663513,0.4222357113191272,0.999
963,0.010672392323613167,0.4228043832465416,0.999
964,0.010672349482774734,0.42281716239097794,0.999
965,0.010670102201402187,0.42330276987955656,0.999
966,0.010670074261724949,0.4233155490239928,0.999
967,0.01066677737981081,0.42410146640682406,0.999
968,0.010666722431778908,0.4241142455512603,0.999
969,0.010666494257748127,0.42414619341235105,0.999
970,0.01066641230136156,0.4241589725567873,0.999
971,0.010661095380783081,0.425194083256126,0.999
972,0.010661077685654163,0.42520686240056227,0.999
973,0.010658957064151764,0.42564774288361396,0.999
974,0.010658955201506615,0.4256605220280502,0.999
975,0.010655100457370281,0.42621002523881024,0.999
976,0.01065506786108017,0.42622280438324656,0.999
977,0.010653714649379253,0.4264144915497907,0.999
978,0.010653694160282612,0.42642727069422703,0.999
979,0.010651831515133381,0.4267595284495703,0.999
980,0.010651768185198307,0.4267723075940066,0.999
981,0.01065150648355484,0.42682981374396983,0.999
982,0.010651498101651669,0.42684259288840615,0.999
983,0.010650747455656528,0.42695760518833265,0.999
984,0.010650678537786007,0.42695760518833265,0.9992
985,0.010650429874658585,0.42702150091051405,0.9992
986,0.010650409385561943,0.4270342800549503,0.9992
987,0.010650347918272018,0.42707261748825914,0.9992
988,0.010650337673723698,0.42708539663269546,0.9992
989,0.010645389556884766,0.4280821698987253,0.9992
990,0.010645382106304169,0.4280949490431616,0.9992
991,0.010644187219440937,0.4283121944985783,0.9992
992,0.01064417976886034,0.4283249736430146,0.9992
993,0.010641329921782017,0.428938372575956,0.9992
994,0.010641326196491718,0.42895115172039233,0.9992
995,0.01063871756196022,0.4294623174978435,0.9992
996,0.01063869334757328,0.4294750966422798,0.9992
997,0.010637549683451653,0.42967956295326026,0.9992
998,0.010637541301548481,0.4296923420976966,0.9992
999,0.010636778548359871,0.4298393022587138,0.9992
1000,0.010636769235134125,0.42985208140315007,0.9992
1001,0.010630431585013866,0.4310916584134692,0.9992
1002,0.010630407370626926,0.4311044375579055,0.9992
1003,0.010628755204379559,0.43143030574103064,0.9992
1004,0.010628740303218365,0.4314430848854669,0.9992
1005,0.010628137737512589,0.43158365547426597,0.9992
1006,0.010628082789480686,0.4315964346187023,0.9992
1007,0.010626866482198238,0.431858407079646,0.9992
1008,0.010626859962940216,0.43187118622408227,0.9992
1009,0.010623477399349213,0.4325293121625507,0.9992
1010,0.010623462498188019,0.432542091306987,0.9992
1011,0.010621725581586361,0.43286795949011214,0.9992
1012,0.010621664114296436,0.4328807386345484,0.9992
1013,0.010620635002851486,0.43304047794000194,0.9992
1014,0.010620621033012867,0.4330532570844382,0.9992
1015,0.010619151405990124,0.43333439826203635,0.9992
1016,0.010619140230119228,0.43334717740647266,0.9992
1017,0.010617006570100784,0.4337880578895243,0.9992
1018,0.010616917163133621,0.43380083703396055,0.9992
1019,0.010614647530019283,0.4342672758058848,0.9992
1020,0.010614645667374134,0.43428005495032107,0.9992
1021,0.01061339769512415,0.4345356378390467,0.9992
1022,0.010613395832479,0.43454841698348295,0.9992
1023,0.010609601624310017,0.4354493466662407,0.9992
1024,0.010609556920826435,0.43546212581067695,0.9992
1025,0.01060858927667141,0.4356602025494393,0.9992
1026,0.010608496144413948,0.4356729816938756,0.9992
1027,0.01060811709612608,0.4357688252771477,0.9992
1028,0.010608097538352013,0.435781604421584,0.9992
1029,0.010606508702039719,0.4362672119101626,0.9992
1030,0.010606439784169197,0.4362799910545989,0.9992
1031,0.010605743154883385,0.43647806779336124,0.9992
1032,0.01060574222356081,0.4364908469377975,0.9992
1033,0.010605689138174057,0.4365100156544519,0.9992
1034,0.010605676099658012,0.4365227947988882,0.9992
1035,0.010603225789964199,0.4371234145873934,0.9992
1036,0.010603224858641624,0.43713619373182966,0.9992
1037,0.01060322392731905,0.4371425833040478,0.9992
1038,0.010603168979287148,0.4371553624484841,0.9992
1039,0.010601182468235493,0.437653749081499,0.9992
1040,0.010601173155009747,0.43766652822593527,0.9992
1041,0.010600990615785122,0.43771125523146226,0.9992
1042,0.010600958950817585,0.4377240343758985,0.9992
1043,0.010600661858916283,0.43780709881473434,0.9992
1044,0.010600650683045387,0.43781987795917066,0.9992
1045,0.01059932541102171,0.4381649148589502,0.9992
1046,0.010599261149764061,0.43817769400338646,0.9992
1047,0.010599082335829735,0.4382607584422223,0.9992
1048,0.01059906929731369,0.43827353758665855,0.9992
1049,0.010598928667604923,0.43831187501996743,0.9992
1050,0.010598926804959774,0.4383246541644037,0.9992
1051,0.010596259497106075,0.43916168812498,0.9992
1052,0.010596255771815777,0.43917446726941634,0.9992
1053,0.010596221312880516,0.43918085684163444,0.9992
1054,0.010596217587590218,0.43919363598607075,0.9992
1055,0.010595318861305714,0.43943643973036006,0.9992
1056,0.01059531606733799,0.4394492188747963,0.9992
1057,0.010595092549920082,0.4395131145969777,0.9992
1058,0.010595056228339672,0.439525893741414,0.9992
1059,0.010594954714179039,0.43954506245806846,0.9992
1060,0.010594950057566166,0.4395578416025047,0.9992
1061,0.010594264604151249,0.4397623079134852,0.9992
1062,0.010594247840344906,0.43977508705792145,0.9992
1063,0.01059348788112402,0.4400051116577745,0.9992
1064,0.010593465529382229,0.44001789080221076,0.9992
1065,0.010592611506581306,0.44023513625762756,0.9992
1066,0.010592570528388023,0.4402479154020638,0.9992
1067,0.010592471808195114,0.44026708411871823,0.9992
1068,0.010592457838356495,0.44027986326315455,0.9992
1069,0.010592121630907059,0.44035014855755406,0.9992
1070,0.010592112317681313,0.44036292770199037,0.9992
1071,0.010590218007564545,0.4408165873294783,0.9992
1072,0.010590191930532455,0.4408293664739146,0.9992
1073,0.010588704608380795,0.44118718251813044,0.9992
1074,0.010588650591671467,0.44121274080700296,0.9992
1075,0.010588141158223152,0.44132136353471135,0.9992
1076,0.01058809645473957,0.4413341426791476,0.9992
1077,0.010586583986878395,0.44178780230663556,0.9992
1078,0.010586581192910671,0.44180058145107187,0.9992
1079,0.010586297139525414,0.4419092041787802,0.9992
1080,0.010586267337203026,0.4419219833232165,0.9992
1081,0.010586157441139221,0.44194754161208905,0.9992
1082,0.01058612484484911,0.44196032075652536,0.9992
1083,0.010581322945654392,0.44346825980000637,0.9992
1084,0.010581313632428646,0.4434810389444427,0.9992
1085,0.010580555535852909,0.4437430114053864,0.9992
1086,0.01058055181056261,0.443768569694259,0.9992
1087,0.010579599998891354,0.44411360659403853,0.9992
1088,0.01057957299053669,0.4441263857384748,0.9992
1089,0.010579094290733337,0.44426056675505576,0.9992
1090,0.010579082183539867,0.444273345899492,0.9992
1091,0.01057871337980032,0.4443819686272004,0.9992
1092,0.010578706860542297,0.4443947477716367,0.9992
1093,0.010577988810837269,0.44464394108814415,0.9992
1094,0.010577984154224396,0.4446567202325804,0.9992
1095,0.010577435605227947,0.44482284911025205,0.9992
1096,0.010577424429357052,0.44483562825468836,0.9992
1097,0.010577416978776455,0.44484201782690647,0.9992
1098,0.010577397421002388,0.4448547969713428,0.9992
1099,0.010577029548585415,0.4450081467045781,0.9992
1100,0.010577020235359669,0.4450209258490144,0.9992
1101,0.010576670989394188,0.4451487172933772,0.9992
1102,0.010576647706329823,0.4451614964378135,0.9992
1103,0.010576138272881508,0.445365962748794,0.9992
1104,0.010576067492365837,0.44537874189323023,0.9992
1105,0.010575620457530022,0.44547458547650237,0.9992
1106,0.010575571097433567,0.44548736462093863,0.9992
1107,0.0105754928663373,0.4455001437653749,0.9992
1108,0.010575483553111553,0.4455129229098112,0.9992
1109,0.010575286112725735,0.44561515606530144,0.9992
1110,0.010575240477919579,0.4456279352097377,0.9992
1111,0.010574152693152428,0.446049646976135,0.9992
1112,0.010574134066700935,0.44606242612057123,0.9992
1113,0.010573208332061768,0.4464713587425322,0.9992
1114,0.010573155246675014,0.44648413788696845,0.9992
1115,0.010572542436420918,0.44674611034791223,0.9992
1116,0.01057253684848547,0.4467588894923485,0.9992
1117,0.01057237759232521,0.4468227852145299,0.9992
1118,0.010572373867034912,0.44683556435896615,0.9992
1119,0.010571412742137909,0.44727644484201784,0.9992
1120,0.010571391321718693,0.4472892239864541,0.9992
1121,0.01057122927159071,0.4473339509919811,0.9992
1122,0.01057117898017168,0.44735950928085366,0.9992
1123,0.010570867918431759,0.4475448068751797,0.9992
1124,0.010570822283625603,0.447557586019616,0.9992
1125,0.010570762678980827,0.4475767547362704,0.9992
1126,0.010570742189884186,0.4475895338807067,0.9992
1127,0.010570567101240158,0.44767898789176064,0.9992
1128,0.010570566169917583,0.44769176703619695,0.9992
1129,0.010570315644145012,0.44778761061946903,0.9992
1130,0.01057029515504837,0.4478003897639053,0.9992
1131,0.010569894686341286,0.44797929778601325,0.9992
1132,0.010569889098405838,0.4479920769304495,0.9992
1133,0.010569709353148937,0.4480559726526309,0.9992
1134,0.010569704696536064,0.4480687517970672,0.9992
1135,0.010569651611149311,0.44809431008593975,0.9992
1136,0.010569627396762371,0.4481198683748123,0.9992
1137,0.010568707250058651,0.44857991757451837,0.9992
1138,0.010568659752607346,0.4485926967189547,0.9992
1139,0.010568282566964626,0.44876521516884443,0.9992
1140,0.010568278841674328,0.44877799431328075,0.9992
1141,0.010567424818873405,0.449154979074151,0.9992
1142,0.010567422024905682,0.4491677582185873,0.9992
1143,0.0105673186480999,0.4492124852241142,0.9992
1144,0.010567284189164639,0.44922526436855054,0.9992
1145,0.010567046701908112,0.44929554966295004,0.9992
1146,0.010567030869424343,0.44930832880738636,0.9992
1147,0.010566419921815395,0.44964058656272965,0.9992
1148,0.010566397570073605,0.4496533657071659,0.9992
1149,0.010566328652203083,0.4496789239960385,0.9992
1150,0.01056632399559021,0.44969170314047474,0.9992
1151,0.010565881617367268,0.44995367560141847,0.9992
1152,0.010565835982561111,0.4499664547458548,0.9992
1153,0.010565456002950668,0.4501325836235264,0.9992
1154,0.010565442964434624,0.4501453627679627,0.9992
1155,0.01056511141359806,0.4503051020734162,0.9992
1156,0.010565081611275673,0.4503178812178525,0.9992
1157,0.010565055534243584,0.4503370499345069,0.9992
1158,0.010565053671598434,0.4503626082233794,0.9992
1159,0.01056436076760292,0.45068208683428646,0.9992
1160,0.010564319789409637,0.4506948659787227,0.9992
1161,0.01056287158280611,0.4512188109006102,0.9992
1162,0.010562868788838387,0.4512315900450465,0.9992
1163,0.010562741197645664,0.45130187533944605,0.9992
1164,0.010562729090452194,0.4513146544838823,0.9992
1165,0.01056244783103466,0.4514232772115907,0.9992
1166,0.010562442243099213,0.45143605635602696,0.9992
1167,0.010562208481132984,0.45153189993929904,0.9992
1168,0.010562194511294365,0.45154467908373536,0.9992
1169,0.010561468079686165,0.4518513785502061,0.9992
1170,0.01056143082678318,0.45186415769464233,0.9992
1171,0.010561185888946056,0.4520175074278777,0.9992
1172,0.010561167262494564,0.452030286572314,0.9992
1173,0.010560850612819195,0.45216446758889495,0.9992
1174,0.01056082546710968,0.4521772467333312,0.9992
1175,0.010559624060988426,0.4526372959330373,0.9992
1176,0.010559622198343277,0.4526564646496917,0.9992
1177,0.010559518821537495,0.45270119165521866,0.9992
1178,0.010559504851698875,0.452713970799655,0.9992
1179,0.010559417307376862,0.4527523082329638,0.9992
1180,0.010559395886957645,0.4527778665218364,0.9992
1181,0.01055925339460373,0.45282259352736337,0.9992
1182,0.010559252463281155,0.45283537267179963,0.9992
1183,0.01055645290762186,0.45384492508226576,0.9992
1184,0.010556450113654137,0.453857704226702,0.9992
1185,0.010554192587733269,0.45469473818727835,0.9992
1186,0.010554183274507523,0.45470751733171466,0.9992
1187,0.010553636588156223,0.45493754193156766,0.9992
1188,0.010553624480962753,0.45495671064822213,0.9992
1189,0.010553555563092232,0.45496310022044023,0.9992
1190,0.010553550906479359,0.45497587936487655,0.9992
1191,0.010553482919931412,0.45500143765374906,0.9992
1192,0.010553481057286263,0.4550142167981854,0.9992
1193,0.010553297586739063,0.4550781125203668,0.9992
1194,0.010553296655416489,0.45509089166480304,0.9992
1195,0.010552089661359787,0.4554167598479282,0.9992
1196,0.01055204775184393,0.45542953899236444,0.9992
1197,0.01055152527987957,0.45564039487556307,0.9992
1198,0.010551437735557556,0.4556531740199994,0.9992
1199,0.01055106706917286,0.4558065237532347,0.9992
1200,0.01055106520652771,0.455819302897671,0.9992
1201,0.010550360195338726,0.4559854317753426,0.9992
1202,0.010550328530371189,0.45599821091977893,0.9992
1203,0.010549811646342278,0.4561643397974506,0.9992
1204,0.010549786500632763,0.45617711894188684,0.9992
1205,0.010548720136284828,0.4565221558416664,0.9992
1206,0.010548694990575314,0.4565349349861027,0.9992
1207,0.010545158758759499,0.4574486438132967,0.9992
1208,0.010545149445533752,0.4574678125299511,0.9992
1209,0.010544623248279095,0.45758282482987767,0.9992
1210,0.01054459996521473,0.4575956039743139,0.9992
1211,0.010544502176344395,0.4576275518354046,0.9992
1212,0.010544479824602604,0.4576403309798409,0.9992
1213,0.010543962940573692,0.4578447972908214,0.9992
1214,0.01054392196238041,0.45785757643525765,0.9992
1215,0.0105434013530612,0.45803009488514745,0.9992
1216,0.010543394833803177,0.4580428740295837,0.9992
1217,0.010542567819356918,0.4582601194850005,0.9992
1218,0.010542524978518486,0.45827289862943676,0.9992
1219,0.010542015545070171,0.4584006900737996,0.9992
1220,0.010542009957134724,0.45841346921823584,0.9992
1221,0.010540208779275417,0.45895658285677776,0.9992
1222,0.01054017897695303,0.458969362001214,0.9992
1223,0.01053979154676199,0.4590779847289224,0.9992
1224,0.010539771988987923,0.4590907638733587,0.9992
1225,0.01053851842880249,0.4593655154787387,0.9992
1226,0.010538514703512192,0.459378294623175,0.9992
1227,0.010537553578615189,0.4596210983674643,0.9992
1228,0.010537520982325077,0.4596338775119006,0.9992
1229,0.01053603831678629,0.4599916935561164,0.9992
1230,0.010535984300076962,0.4600044727005527,0.9992
1231,0.010535374283790588,0.46015782243378806,0.9992
1232,0.010535343550145626,0.4601706015782243,0.9992
1233,0.010534842498600483,0.4602281077281876,0.9992
1234,0.010534832254052162,0.4602408868726239,0.9992
1235,0.010534060187637806,0.4604581323280406,0.9992
1236,0.010534042492508888,0.46047091147247693,0.9992
1237,0.010533585213124752,0.46059870291683974,0.9992
1238,0.010533563792705536,0.460611482061276,0.9992
1239,0.01053322572261095,0.4607392735056388,0.9992
1240,0.010533208027482033,0.4607520526500751,0.9992
1241,0.010532028041779995,0.4610715312609821,0.9992
1242,0.010532011277973652,0.46108431040541836,0.9992
1243,0.010531683452427387,0.46115459569981787,0.9992
1244,0.010531654581427574,0.4611673748442542,0.9992
1245,0.010530161671340466,0.4614996325995975,0.9992
1246,0.010530120693147182,0.46151241174403373,0.9992
1247,0.010527919977903366,0.4619532922270854,0.9992
1248,0.01052788645029068,0.4619660713715217,0.9992
1249,0.010521347634494305,0.4636912558704195,0.9992
1250,0.01052134484052658,0.46370403501485574,0.9992
1251,0.010521197691559792,0.46376793073703715,0.9992
1252,0.010521168820559978,0.46378070988147346,0.9992
1253,0.010521001182496548,0.4637934890259097,0.9992
1254,0.010520966723561287,0.463806268170346,0.9992
1255,0.010520091280341148,0.4640171240535446,0.9992
1256,0.010520032607018948,0.4640299031979809,0.9992
1257,0.010519091039896011,0.46427909651448834,0.9992
1258,0.010519062168896198,0.46429187565892466,0.9992
1259,0.01051776297390461,0.4646433021309223,0.9992
1260,0.0105177266523242,0.4646560812753586,0.9992
1261,0.010517044924199581,0.4648413788696847,0.9992
1262,0.010517043061554432,0.46485415801412094,0.9992
1263,0.010516645386815071,0.4649052745918661,0.9992
1264,0.010516625829041004,0.46491805373630235,0.9992
1265,0.010515283793210983,0.4652630906360819,0.9992
1266,0.010515275411307812,0.4652758697805182,0.9992
1267,0.010513382032513618,0.46579981470240567,0.9992
1268,0.0105133643373847,0.4658125938468419,0.9992
1269,0.010512929409742355,0.4659212165745503,0.9992
1270,0.01051283162087202,0.46594038529120474,0.9992
1271,0.01051266212016344,0.46597872272451357,0.9992
1272,0.010512656532227993,0.4659915018689499,0.9992
1273,0.01051026675850153,0.4665410050797099,0.9992
1274,0.010510231368243694,0.4665537842241462,0.9992
1275,0.010508941486477852,0.46681575668508996,0.9992
1276,0.010508902370929718,0.4668285358295262,0.9992
1277,0.010508284904062748,0.46694993770167087,0.9992
1278,0.010508283041417599,0.46696271684610713,0.9992
1279,0.010507320053875446,0.4671607935848695,0.9992
1280,0.010507239028811455,0.46717357272930576,0.9992
1281,0.01050692331045866,0.4672438580237053,0.9992
1282,0.010506906546652317,0.4672566371681416,0.9992
1283,0.010506227612495422,0.4674483243346858,0.9992
1284,0.010506222024559975,0.46746110347912206,0.9992
1285,0.01050575915724039,0.4675761157790486,0.9992
1286,0.010505757294595242,0.4675888949234849,0.9992
1287,0.010505563579499722,0.4676272323567937,0.9992
1288,0.010505547747015953,0.46764001150122997,0.9992
1289,0.010504080913960934,0.4678955943899556,0.9992
1290,0.010504024103283882,0.46790837353439185,0.9992
1291,0.0104978047311306,0.4692885211335101,0.9992
1292,0.01049772184342146,0.46930130027794636,0.9992
1293,0.010496516712009907,0.4695377144500176,0.9992
1294,0.010496488772332668,0.46955049359445383,0.9992
1295,0.010492008179426193,0.47056004600491996,0.9992
1296,0.010491990484297276,0.4705728251493563,0.9992
1297,0.010491026565432549,0.4707709018881186,0.9992
1298,0.010491011664271355,0.47078368103255486,0.9992
1299,0.010490338318049908,0.47087313504360884,0.9992
1300,0.01049023773521185,0.4708986933324814,0.9992
1301,0.01048982609063387,0.47098814734353533,0.9992
1302,0.010489795356988907,0.47100092648797165,0.9992
1303,0.010489140637218952,0.471154276221207,0.9992
1304,0.010489139705896378,0.4711670553656433,0.9992
1305,0.010487284511327744,0.4716654419986582,0.9992
1306,0.010487240739166737,0.4716782211430945,0.9992
1307,0.010487073101103306,0.4717229481486214,0.9992
1308,0.010487053543329239,0.47173572729305774,0.9992
1309,0.010481190867722034,0.4727900067090508,0.9992
1310,0.010481138713657856,0.4728027858534871,0.9992
1311,0.010473794303834438,0.4742659978914412,0.9992
1312,0.010473785921931267,0.4742659978914412,0.9994
1313,0.010468131862580776,0.475218044151944,0.9994
1314,0.010468085296452045,0.47523082329638033,0.9994
1315,0.010462010279297829,0.47613175297913807,0.9994
1316,0.01046194788068533,0.4761445321235743,0.9994
1317,0.010454564355313778,0.47742244656720234,0.9994
1318,0.010454516857862473,0.4774352257116386,0.9994
1319,0.010453653521835804,0.4775630171560014,0.9994
1320,0.01045355573296547,0.47757579630043767,0.9994
1321,0.010451297275722027,0.47795278106130795,0.9994
1322,0.010451290756464005,0.4779655602057442,0.9994
1323,0.010447675362229347,0.4784703364109773,0.9994
1324,0.010447588749229908,0.47848311555541356,0.9994
1325,0.010443393141031265,0.47915402063831825,0.9994
1326,0.01044334564357996,0.47916679978275456,0.9994
1327,0.010431765578687191,0.4809367112871793,0.9994
1328,0.010431711561977863,0.4809494904316156,0.9994
1329,0.010427076369524002,0.48169068080891986,0.9994
1330,0.010427042841911316,0.4817034599533561,0.9994
1331,0.010425240732729435,0.4819973802753906,0.9994
1332,0.010425231419503689,0.48201015941982683,0.9994
1333,0.010422322899103165,0.4823871441806971,0.9994
1334,0.01042232196778059,0.4823999233251334,0.9994
1335,0.010422315448522568,0.4824127024695697,0.9994
1336,0.010422314517199993,0.48242548161400595,0.9994
1337,0.010422313585877419,0.4846682214625731,0.9994
1338,0.010422312654554844,0.48493019392351683,0.9994
1339,0.01042231172323227,0.4856202677230759,0.9994
1340,0.010422310791909695,0.4856905530174755,0.9994
1341,0.010422197170555592,0.48574805916743874,0.9994
1342,0.01042215246707201,0.485760838311875,0.9994
1343,0.010420737788081169,0.4859653046228555,0.9994
1344,0.01042073406279087,0.4859780837672918,0.9994
1345,0.010414959862828255,0.48677039072234113,0.9994
1346,0.010414903983473778,0.48678316986677744,0.9994
1347,0.01041475310921669,0.4868151177278681,0.9994
1348,0.010414748452603817,0.4868278968723044,0.9994
1349,0.010408530943095684,0.48760103511069935,0.9994
1350,0.01040852814912796,0.4876265933995719,0.9994
1351,0.010408527217805386,0.48763298297179003,0.9994
1352,0.010408526286482811,0.48765215168844445,0.9994
1353,0.010408525355160236,0.4878310597105524,0.9994
1354,0.010408524423837662,0.48838695249353054,0.9994
1355,0.010408522561192513,0.48841890035462127,0.9994
1356,0.010405216366052628,0.48882144340436406,0.9994
1357,0.010405213572084904,0.48884700169323664,0.9994
1358,0.010405212640762329,0.48886617040989105,0.9994
1359,0.010405211709439754,0.4889236765598543,0.9994
1360,0.01040521077811718,0.48946679019839623,0.9994
1361,0.010405209846794605,0.48948595891505065,0.9994
1362,0.01040520891547203,0.4895881920705409,0.9994
1363,0.010405207984149456,0.4896265295038497,0.9994
1364,0.010405207052826881,0.489639308648286,0.9994
1365,0.010394268669188023,0.49103862496405865,0.9994
1366,0.010394250974059105,0.49105140410849496,0.9994
1367,0.01038468535989523,0.4924187725631769,0.9994
1368,0.010384684428572655,0.49243155170761316,0.9994
1369,0.010383738204836845,0.4925465640075397,0.9994
1370,0.010383730754256248,0.49255934315197597,0.9994
1371,0.01038249209523201,0.49282770518513785,0.9994
1372,0.010382480919361115,0.4928404843295741,0.9994
1373,0.010379599407315254,0.49340276668477046,0.9994
1374,0.010379563085734844,0.4934155458292067,0.9994
1375,0.010379391722381115,0.4934411041180793,0.9994
1376,0.01037936843931675,0.49345388326251555,0.9994
1377,0.010375134646892548,0.4944187086674547,0.9994
1378,0.010375112295150757,0.494431487811891,0.9994
1379,0.010374154895544052,0.4947190185617073,0.9994
1380,0.010374139063060284,0.49473179770614356,0.9994
1381,0.010372152552008629,0.4953643653557394,0.9994
1382,0.010372143238782883,0.4953771445001757,0.9994
1383,0.010370670817792416,0.49577329797770037,0.9994
1384,0.0103706493973732,0.4957860771221367,0.9994
1385,0.01036966871470213,0.49599054343311716,0.9994
1386,0.0103696184232831,0.4960033225775534,0.9994
1387,0.010363860987126827,0.4975495990543433,0.9994
1388,0.010363845154643059,0.4975623781987796,0.9994
1389,0.010360942222177982,0.49811188140953966,0.9994
1390,0.010360918939113617,0.4981246605539759,0.9994
1391,0.01035939808934927,0.49835468515382897,0.9994
1392,0.010359388776123524,0.49836746429826523,0.9994
1393,0.010358016937971115,0.49864860547586337,0.9994
1394,0.010357995517551899,0.4986613846202997,0.9994
1395,0.010349790565669537,0.5000670905082905,0.9994
1396,0.010349768213927746,0.5000798696527268,0.9994
1397,0.010348085314035416,0.5003737899747612,0.9994
1398,0.010348082520067692,0.5003865691191974,0.9994
1399,0.010347911156713963,0.5004440752691607,0.9994
1400,0.010347888804972172,0.500456854413597,0.9994
1401,0.010347416624426842,0.5005654771413054,0.9994
1402,0.010347375646233559,0.5005782562857417,0.9994
1403,0.010345665737986565,0.5009424619021756,0.9994
1404,0.010345612652599812,0.5009552410466119,0.9994
1405,0.01033850573003292,0.5020478578959139,0.9994
1406,0.010338403284549713,0.5020606370403502,0.9994
1407,0.01033499464392662,0.5025015175234018,0.9994
1408,0.010334979742765427,0.5025142966678381,0.9994
1409,0.010331932455301285,0.5029360084342354,0.9994
1410,0.010331816971302032,0.5029487875786716,0.9994
1411,0.01032976247370243,0.5031724226063065,0.9994
1412,0.010329723358154297,0.5031852017507428,0.9994
1413,0.010327057912945747,0.5034919012172135,0.9994
1414,0.010327051393687725,0.5035046803616497,0.9994
1415,0.010322993621230125,0.5040094565668829,0.9994
1416,0.010322825983166695,0.5040094565668829,0.9996
1417,0.010321104899048805,0.5042522603111722,0.9996
1418,0.010321080684661865,0.5042650394556084,0.9996
1419,0.010318994522094727,0.5045334014887703,0.9996
1420,0.010318941436707973,0.5045461806332066,0.9996
1421,0.010318656452000141,0.5046036867831699,0.9996
1422,0.010318650864064693,0.5046164659276061,0.9996
1423,0.010318093001842499,0.5046867512220057,0.9996
1424,0.010317923501133919,0.504699530366442,0.9996
1425,0.010314715094864368,0.5050317881217853,0.9996
1426,0.01031470112502575,0.5050445672662215,0.9996
1427,0.0103140315040946,0.5051468004217118,0.9996
1428,0.010314024984836578,0.5051595795661481,0.9996
1429,0.010310065001249313,0.5055493434714546,0.9996
1430,0.01031006220728159,0.5055621226158908,0.9996
1431,0.010305501520633698,0.5060605092489058,0.9996
1432,0.010305490344762802,0.5060732883933421,0.9996
1433,0.01030533853918314,0.506118015398869,0.9996
1434,0.010305232368409634,0.5061435736877417,0.9996
1435,0.010276611894369125,0.5083735343918725,0.9996
1436,0.010276596993207932,0.5083863135363087,0.9996
1437,0.010253225453197956,0.5103990287850229,0.9996
1438,0.01025308109819889,0.5104118079294592,0.9996
1439,0.010242201387882233,0.5110124277179643,0.9996
1440,0.01024217065423727,0.5110252068624006,0.9996
1441,0.010235302150249481,0.5114852560621066,0.9996
1442,0.010235241614282131,0.5114980352065429,0.9996
1443,0.010225926525890827,0.5121306028561388,0.9996
1444,0.010225840844213963,0.5121433820005751,0.9996
1445,0.010215291753411293,0.5128462349445705,0.9996
1446,0.010215159505605698,0.5128462349445705,0.9998
1447,0.010183265432715416,0.5153253889652087,0.9998
1448,0.010183236561715603,0.5153381681096451,0.9998
1449,0.0101799750700593,0.5156768154372064,0.9998
1450,0.010179847478866577,0.5156895945816428,0.9998
1451,0.010179541073739529,0.515747100731606,0.9998
1452,0.010179535485804081,0.5157598798760423,0.9998
1453,0.010171080008149147,0.5166863678476726,0.9998
1454,0.010171068832278252,0.5166991469921088,0.9998
1455,0.010166702792048454,0.5171208587585061,0.9998
1456,0.010166569612920284,0.5171336379029424,0.9998
1457,0.010163897648453712,0.5175106226638126,0.9998
1458,0.010163887403905392,0.517523401808249,0.9998
1459,0.010163496248424053,0.5176000766748666,0.9998
1460,0.010163426399230957,0.5176128558193029,0.9998
1461,0.010162470862269402,0.5177853742691927,0.9998
1462,0.010162334889173508,0.517798153413629,0.9998
1463,0.010160963051021099,0.5179323344302099,0.9998
1464,0.010160715319216251,0.5179451135746462,0.9998
1465,0.010156228207051754,0.5185840707964602,0.9998
1466,0.010156155563890934,0.5185968499408965,0.9998
1467,0.010154444724321365,0.5188779911184946,0.9998
1468,0.010154331102967262,0.5188907702629308,0.9998
1469,0.010154007002711296,0.5189291076962398,0.9998
1470,0.010153964161872864,0.5189291076962398,1.0
1471,0.010153536684811115,0.5190249512795119,1.0
1472,0.010153515264391899,0.5190377304239481,1.0
1473,0.010152265429496765,0.5192485863071468,1.0
1474,0.010152200236916542,0.519261365451583,1.0
1475,0.010151006281375885,0.5194786109069998,1.0
1476,0.010150987654924393,0.5194913900514361,1.0
1477,0.010145324282348156,0.5205137216063385,1.0
1478,0.010145314037799835,0.5205265007507748,1.0
1479,0.01014294009655714,0.5209737708060446,1.0
1480,0.010142919607460499,0.5209865499504808,1.0
1481,0.01014241948723793,0.5211079518226255,1.0
1482,0.010142396204173565,0.5211207309670618,1.0
1483,0.010142253711819649,0.5211590684003706,1.0
1484,0.010142176412045956,0.5211718475448068,1.0
1485,0.010140564292669296,0.5215552218778953,1.0
1486,0.010140507481992245,0.5215680010223316,1.0
1487,0.010139146819710732,0.5218491421999297,1.0
1488,0.01013912633061409,0.521861921344366,1.0
1489,0.010138475336134434,0.5219769336442925,1.0
1490,0.010138466954231262,0.5219897127887287,1.0
1491,0.010137555189430714,0.5222005686719274,1.0
1492,0.010137460194528103,0.5222133478163637,1.0
1493,0.010135971941053867,0.5225456055717069,1.0
1494,0.010135932825505733,0.5225583847161432,1.0
1495,0.010132539086043835,0.5232995750934475,1.0
1496,0.01013248972594738,0.5233123542378838,1.0
1497,0.010127001442015171,0.5243985815149675,1.0
1498,0.010126969777047634,0.5244113606594039,1.0
1499,0.010122440755367279,0.5251589406089262,1.0
1500,0.010122407227754593,0.5251717197533625,1.0
1501,0.010118401609361172,0.5255998210919779,1.0
1502,0.01011839509010315,0.5256126002364142,1.0
1503,0.010047703981399536,0.5290949170953004,1.0
1504,0.010047677904367447,0.5291076962397367,1.0
1505,0.00996614433825016,0.5315932398325932,1.0
1506,0.009965953417122364,0.5316060189770295,1.0
1507,0.009821592830121517,0.5339637711255232,1.0
1508,0.009821577928960323,0.5339765502699594,1.0
1509,0.009821117855608463,0.5341362895754129,1.0
1510,0.009821107611060143,0.5341490687198492,1.0
1511,0.009100126102566719,0.5365771061627425,1.0
1512,0.0,1.0,1.0
