,Unnamed: 0,5-tuple,sum_len,udp_tcp,pk_num,MAC,key,server_port,port_15,port_14,port_13,port_12,port_11,port_10,port_9,port_8,port_7,port_6,port_5,port_4,port_3,port_2,port_1,port_0,pred
10101,0,"['118.26.252.214', 8053, '192.168.1.166', 35210, 17]",804,0,7,"['90:76:9f:88:5e:a3', '54:ef:44:cd:42:95']",385372050532012179505260243373836167152,8053,0,0,0,1,1,1,1,1,0,1,1,1,0,1,0,1,1
164359,0,"['192.168.1.148', 56232, '180.97.123.223', 6002, 17]",2065,0,10,"['68:6d:bc:a9:7d:7c', '90:76:9f:88:5e:a3']",518666659976985399547452565061377331933,6002,0,0,0,1,0,1,1,1,0,1,1,1,0,0,1,0,1
10582,0,"['118.26.252.214', 8053, '192.168.1.166', 35210, 17]",804,0,7,"['90:76:9f:88:5e:a3', '54:ef:44:cd:42:95']",385372050532012179505260243373836167152,8053,0,0,0,1,1,1,1,1,0,1,1,1,0,1,0,1,1
169610,0,"['192.168.1.148', 35667, '180.97.123.223', 6002, 17]",2065,0,10,"['68:6d:bc:a9:7d:7c', '90:76:9f:88:5e:a3']",386889015028098260277631133523241944737,6002,0,0,0,1,0,1,1,1,0,1,1,1,0,0,1,0,1
2161,0,"['192.168.1.166', 35210, '118.26.252.214', 8053, 17]",892,0,5,"['54:ef:44:cd:42:95', '90:76:9f:88:5e:a3']",385372050532012179505260243373836167152,8053,0,0,0,1,1,1,1,1,0,1,1,1,0,1,0,1,1
214089,0,"['192.168.1.153', 32317, '118.25.112.63', 3478, 17]",760,0,10,"['90:76:9f:50:27:d9', '90:76:9f:88:5e:a3']",319983054036692368101763766399774654240,3478,0,0,0,0,1,1,0,1,1,0,0,1,0,1,1,0,1
205865,0,"['192.168.1.153', 23469, '118.25.112.63', 3478, 17]",760,0,10,"['90:76:9f:50:27:d9', '90:76:9f:88:5e:a3']",199428398985681012287362998025583125810,3478,0,0,0,0,1,1,0,1,1,0,0,1,0,1,1,0,1
21587,0,"['192.168.1.166', 35210, '118.26.252.214', 8053, 17]",892,0,5,"['54:ef:44:cd:42:95', '90:76:9f:88:5e:a3']",385372050532012179505260243373836167152,8053,0,0,0,1,1,1,1,1,0,1,1,1,0,1,0,1,1
169773,0,"['192.168.1.148', 51487, '180.97.123.223', 6002, 17]",2065,0,10,"['68:6d:bc:a9:7d:7c', '90:76:9f:88:5e:a3']",441540959779799381713676901363840372294,6002,0,0,0,1,0,1,1,1,0,1,1,1,0,0,1,0,1
164059,0,"['192.168.1.148', 59871, '180.97.123.223', 6002, 17]",2065,0,10,"['68:6d:bc:a9:7d:7c', '90:76:9f:88:5e:a3']",358589288836657216494067604636188192889,6002,0,0,0,1,0,1,1,1,0,1,1,1,0,0,1,0,1
169871,0,"['192.168.1.148', 60481, '180.97.123.223', 6002, 17]",2065,0,10,"['68:6d:bc:a9:7d:7c', '90:76:9f:88:5e:a3']",658857871888493489042358691350581273089,6002,0,0,0,1,0,1,1,1,0,1,1,1,0,0,1,0,1
219533,0,"['192.168.1.153', 22434, '118.25.112.63', 3478, 17]",760,0,10,"['90:76:9f:50:27:d9', '90:76:9f:88:5e:a3']",337021357581553325280171559142232609515,3478,0,0,0,0,1,1,0,1,1,0,0,1,0,1,1,0,1
174945,0,"['192.168.1.148', 35331, '180.97.123.223', 6002, 17]",2065,0,10,"['68:6d:bc:a9:7d:7c', '90:76:9f:88:5e:a3']",586124004791895953694005750220593091416,6002,0,0,0,1,0,1,1,1,0,1,1,1,0,0,1,0,1
7708,0,"['192.168.1.166', 35210, '118.26.252.214', 8053, 17]",892,0,5,"['54:ef:44:cd:42:95', '90:76:9f:88:5e:a3']",385372050532012179505260243373836167152,8053,0,0,0,1,1,1,1,1,0,1,1,1,0,1,0,1,1
164613,0,"['192.168.1.148', 36975, '180.97.123.223', 6002, 17]",2065,0,10,"['68:6d:bc:a9:7d:7c', '90:76:9f:88:5e:a3']",477339620037531683066185733119476321441,6002,0,0,0,1,0,1,1,1,0,1,1,1,0,0,1,0,1
164396,0,"['192.168.1.148', 40485, '180.97.123.223', 6002, 17]",2065,0,10,"['68:6d:bc:a9:7d:7c', '90:76:9f:88:5e:a3']",377977068262592166365820489598175688834,6002,0,0,0,1,0,1,1,1,0,1,1,1,0,0,1,0,1
25829,0,"['192.168.1.166', 35210, '118.26.252.214', 8053, 17]",892,0,5,"['54:ef:44:cd:42:95', '90:76:9f:88:5e:a3']",385372050532012179505260243373836167152,8053,0,0,0,1,1,1,1,1,0,1,1,1,0,1,0,1,1
270250,0,"['192.168.1.142', 25084, '111.231.58.151', 3478, 17]",784,0,14,"['f8:8c:21:0b:ec:26', '90:76:9f:88:5e:a3']",213809328128432098788402967646405377850,3478,0,0,0,0,1,1,0,1,1,0,0,1,0,1,1,0,1
174563,0,"['192.168.1.148', 52827, '180.97.123.223', 6002, 17]",2065,0,10,"['68:6d:bc:a9:7d:7c', '90:76:9f:88:5e:a3']",620080691205750700159996275379389122139,6002,0,0,0,1,0,1,1,1,0,1,1,1,0,0,1,0,1
15759,0,"['118.26.252.214', 8053, '192.168.1.166', 35210, 17]",932,0,3,"['90:76:9f:88:5e:a3', '54:ef:44:cd:42:95']",385372050532012179505260243373836167152,8053,0,0,0,1,1,1,1,1,0,1,1,1,0,1,0,1,1
159351,0,"['192.168.1.148', 60134, '180.97.123.223', 6002, 17]",2065,0,10,"['68:6d:bc:a9:7d:7c', '90:76:9f:88:5e:a3']",388757446644842378235843599845628097942,6002,0,0,0,1,0,1,1,1,0,1,1,1,0,0,1,0,1
205763,0,"['192.168.1.153', 19328, '118.25.112.63', 3478, 17]",912,0,12,"['90:76:9f:50:27:d9', '90:76:9f:88:5e:a3']",352102333477731773321645582400228500663,3478,0,0,0,0,1,1,0,1,1,0,0,1,0,1,1,0,1
169824,0,"['192.168.1.148', 53849, '180.97.123.223', 6002, 17]",2065,0,10,"['68:6d:bc:a9:7d:7c', '90:76:9f:88:5e:a3']",347390971970929959468578105478536198303,6002,0,0,0,1,0,1,1,1,0,1,1,1,0,0,1,0,1
3204,0,"['118.26.252.214', 8053, '192.168.1.166', 35210, 17]",804,0,7,"['90:76:9f:88:5e:a3', '54:ef:44:cd:42:95']",385372050532012179505260243373836167152,8053,0,0,0,1,1,1,1,1,0,1,1,1,0,1,0,1,1
164349,0,"['192.168.1.148', 35275, '180.97.123.223', 6002, 17]",2065,0,10,"['68:6d:bc:a9:7d:7c', '90:76:9f:88:5e:a3']",655989944895776921787013274623907293507,6002,0,0,0,1,0,1,1,1,0,1,1,1,0,0,1,0,1
164617,0,"['192.168.1.148', 49889, '180.97.123.223', 6002, 17]",2065,0,10,"['68:6d:bc:a9:7d:7c', '90:76:9f:88:5e:a3']",595060035093158620494335036532262124370,6002,0,0,0,1,0,1,1,1,0,1,1,1,0,0,1,0,1
169473,0,"['192.168.1.148', 56769, '180.97.123.223', 6002, 17]",2065,0,10,"['68:6d:bc:a9:7d:7c', '90:76:9f:88:5e:a3']",593439130859228907627557919676618224508,6002,0,0,0,1,0,1,1,1,0,1,1,1,0,0,1,0,1
218519,0,"['192.168.1.153', 30766, '118.25.112.63', 3478, 17]",760,0,10,"['90:76:9f:50:27:d9', '90:76:9f:88:5e:a3']",302885333070570689041363845269756397643,3478,0,0,0,0,1,1,0,1,1,0,0,1,0,1,1,0,1
221268,0,"['192.168.1.153', 23417, '111.231.83.208', 3478, 17]",760,0,10,"['90:76:9f:50:27:d9', '90:76:9f:88:5e:a3']",225130761465169665016155893135929791976,3478,0,0,0,0,1,1,0,1,1,0,0,1,0,1,1,0,1
164520,0,"['192.168.1.148', 48378, '180.97.123.223', 6002, 17]",2065,0,10,"['68:6d:bc:a9:7d:7c', '90:76:9f:88:5e:a3']",433646152522571886633701006913828766556,6002,0,0,0,1,0,1,1,1,0,1,1,1,0,0,1,0,1
175050,0,"['192.168.1.148', 56096, '180.97.123.223', 6002, 17]",2065,0,10,"['68:6d:bc:a9:7d:7c', '90:76:9f:88:5e:a3']",661136158536103808893522671246004520180,6002,0,0,0,1,0,1,1,1,0,1,1,1,0,0,1,0,1
219941,0,"['192.168.1.153', 20306, '118.25.112.63', 3478, 17]",912,0,12,"['90:76:9f:50:27:d9', '90:76:9f:88:5e:a3']",374873130048337164776706146403045912529,3478,0,0,0,0,1,1,0,1,1,0,0,1,0,1,1,0,1
207098,0,"['118.25.112.63', 3478, '192.168.1.153', 32767, 17]",704,0,9,"['90:76:9f:88:5e:a3', '90:76:9f:50:27:d9']",212326368571766711008072861986360422330,3478,0,0,0,0,1,1,0,1,1,0,0,1,0,1,1,0,1
159075,0,"['192.168.1.148', 38665, '180.97.123.223', 6002, 17]",2065,0,10,"['68:6d:bc:a9:7d:7c', '90:76:9f:88:5e:a3']",396848880432139714128505600319310204292,6002,0,0,0,1,0,1,1,1,0,1,1,1,0,0,1,0,1
169440,0,"['192.168.1.148', 41164, '180.97.123.223', 6002, 17]",2065,0,10,"['68:6d:bc:a9:7d:7c', '90:76:9f:88:5e:a3']",491178901096735382343306170081352026122,6002,0,0,0,1,0,1,1,1,0,1,1,1,0,0,1,0,1
4940,0,"['118.26.252.214', 8053, '192.168.1.166', 35210, 17]",804,0,7,"['90:76:9f:88:5e:a3', '54:ef:44:cd:42:95']",385372050532012179505260243373836167152,8053,0,0,0,1,1,1,1,1,0,1,1,1,0,1,0,1,1
164343,0,"['192.168.1.148', 41767, '180.97.123.223', 6002, 17]",2065,0,10,"['68:6d:bc:a9:7d:7c', '90:76:9f:88:5e:a3']",404259168660353412948556455440354779607,6002,0,0,0,1,0,1,1,1,0,1,1,1,0,0,1,0,1
19761,0,"['192.168.1.166', 35210, '118.26.252.214', 8053, 17]",892,0,5,"['54:ef:44:cd:42:95', '90:76:9f:88:5e:a3']",385372050532012179505260243373836167152,8053,0,0,0,1,1,1,1,1,0,1,1,1,0,1,0,1,1
4391,0,"['118.26.252.214', 8053, '192.168.1.166', 35210, 17]",932,0,3,"['90:76:9f:88:5e:a3', '54:ef:44:cd:42:95']",385372050532012179505260243373836167152,8053,0,0,0,1,1,1,1,1,0,1,1,1,0,1,0,1,1
206745,0,"['192.168.1.153', 18640, '118.25.112.63', 3478, 17]",760,0,10,"['90:76:9f:50:27:d9', '90:76:9f:88:5e:a3']",268303564741995817970198916347668894166,3478,0,0,0,0,1,1,0,1,1,0,0,1,0,1,1,0,1
818,0,"['118.26.252.214', 8053, '192.168.1.166', 35210, 17]",884,0,7,"['90:76:9f:88:5e:a3', '54:ef:44:cd:42:95']",385372050532012179505260243373836167152,8053,0,0,0,1,1,1,1,1,0,1,1,1,0,1,0,1,1
15278,0,"['118.26.252.214', 8053, '192.168.1.166', 35210, 17]",932,0,3,"['90:76:9f:88:5e:a3', '54:ef:44:cd:42:95']",385372050532012179505260243373836167152,8053,0,0,0,1,1,1,1,1,0,1,1,1,0,1,0,1,1
164220,0,"['192.168.1.148', 43167, '180.97.123.223', 6002, 17]",2065,0,10,"['68:6d:bc:a9:7d:7c', '90:76:9f:88:5e:a3']",465387006834584026278284401487069413373,6002,0,0,0,1,0,1,1,1,0,1,1,1,0,0,1,0,1
19379,0,"['192.168.1.166', 35210, '118.26.252.214', 8053, 17]",892,0,5,"['54:ef:44:cd:42:95', '90:76:9f:88:5e:a3']",385372050532012179505260243373836167152,8053,0,0,0,1,1,1,1,1,0,1,1,1,0,1,0,1,1
169710,0,"['192.168.1.148', 44579, '180.97.123.223', 6002, 17]",2065,0,10,"['68:6d:bc:a9:7d:7c', '90:76:9f:88:5e:a3']",493887086178787422105411092862469178621,6002,0,0,0,1,0,1,1,1,0,1,1,1,0,0,1,0,1
164094,0,"['192.168.1.148', 54448, '180.97.123.223', 6002, 17]",2065,0,10,"['68:6d:bc:a9:7d:7c', '90:76:9f:88:5e:a3']",482055964982213587084271537534798485150,6002,0,0,0,1,0,1,1,1,0,1,1,1,0,0,1,0,1
4173,0,"['118.26.252.214', 8053, '192.168.1.166', 35210, 17]",884,0,7,"['90:76:9f:88:5e:a3', '54:ef:44:cd:42:95']",385372050532012179505260243373836167152,8053,0,0,0,1,1,1,1,1,0,1,1,1,0,1,0,1,1
206278,0,"['192.168.1.153', 22884, '118.25.112.63', 3478, 17]",784,0,14,"['90:76:9f:50:27:d9', '90:76:9f:88:5e:a3']",412111989304639910698255562822447678020,3478,0,0,0,0,1,1,0,1,1,0,0,1,0,1,1,0,1
164159,0,"['192.168.1.148', 56068, '180.97.123.223', 6002, 17]",2065,0,10,"['68:6d:bc:a9:7d:7c', '90:76:9f:88:5e:a3']",413621485544708684158645575805358275743,6002,0,0,0,1,0,1,1,1,0,1,1,1,0,0,1,0,1
219733,0,"['192.168.1.153', 29436, '118.25.112.63', 3478, 17]",760,0,10,"['90:76:9f:50:27:d9', '90:76:9f:88:5e:a3']",221831906691810026057252714445006890058,3478,0,0,0,0,1,1,0,1,1,0,0,1,0,1,1,0,1
169608,0,"['192.168.1.148', 56838, '180.97.123.223', 6002, 17]",2065,0,10,"['68:6d:bc:a9:7d:7c', '90:76:9f:88:5e:a3']",508607420777969662748394010837756057514,6002,0,0,0,1,0,1,1,1,0,1,1,1,0,0,1,0,1
157740,0,"['192.168.1.148', 43027, '180.97.123.223', 6002, 17]",2065,0,10,"['68:6d:bc:a9:7d:7c', '90:76:9f:88:5e:a3']",395196239906805771425902497366496832427,6002,0,0,0,1,0,1,1,1,0,1,1,1,0,0,1,0,1
174854,0,"['192.168.1.148', 38615, '180.97.123.223', 6002, 17]",2065,0,10,"['68:6d:bc:a9:7d:7c', '90:76:9f:88:5e:a3']",390978840476159556516804570690309898750,6002,0,0,0,1,0,1,1,1,0,1,1,1,0,0,1,0,1
12073,0,"['118.26.252.214', 8053, '192.168.1.166', 35210, 17]",804,0,7,"['90:76:9f:88:5e:a3', '54:ef:44:cd:42:95']",385372050532012179505260243373836167152,8053,0,0,0,1,1,1,1,1,0,1,1,1,0,1,0,1,1
169504,0,"['192.168.1.148', 59182, '180.97.123.223', 6002, 17]",2065,0,10,"['68:6d:bc:a9:7d:7c', '90:76:9f:88:5e:a3']",577004575024259015096767646675893390398,6002,0,0,0,1,0,1,1,1,0,1,1,1,0,0,1,0,1
174746,0,"['192.168.1.148', 53513, '180.97.123.223', 6002, 17]",2065,0,10,"['68:6d:bc:a9:7d:7c', '90:76:9f:88:5e:a3']",344744513327996411363894373781017205627,6002,0,0,0,1,0,1,1,1,0,1,1,1,0,0,1,0,1
159177,0,"['192.168.1.148', 34788, '180.97.123.223', 6002, 17]",2065,0,10,"['68:6d:bc:a9:7d:7c', '90:76:9f:88:5e:a3']",413119215531814039650160584189121743594,6002,0,0,0,1,0,1,1,1,0,1,1,1,0,0,1,0,1
174887,0,"['192.168.1.148', 53703, '180.97.123.223', 6002, 17]",2065,0,10,"['68:6d:bc:a9:7d:7c', '90:76:9f:88:5e:a3']",364320438088953809913041324340069139412,6002,0,0,0,1,0,1,1,1,0,1,1,1,0,0,1,0,1
214481,0,"['192.168.1.153', 17439, '118.25.112.63', 3478, 17]",912,0,12,"['90:76:9f:50:27:d9', '90:76:9f:88:5e:a3']",237945610382039140106027104708217185797,3478,0,0,0,0,1,1,0,1,1,0,0,1,0,1,1,0,1
174904,0,"['192.168.1.148', 52226, '180.97.123.223', 6002, 17]",2065,0,10,"['68:6d:bc:a9:7d:7c', '90:76:9f:88:5e:a3']",480099646990015202869581503899945647600,6002,0,0,0,1,0,1,1,1,0,1,1,1,0,0,1,0,1
7613,0,"['192.168.1.166', 35210, '118.26.252.214', 8053, 17]",892,0,5,"['54:ef:44:cd:42:95', '90:76:9f:88:5e:a3']",385372050532012179505260243373836167152,8053,0,0,0,1,1,1,1,1,0,1,1,1,0,1,0,1,1
214511,0,"['192.168.1.153', 28842, '118.25.112.63', 3478, 17]",760,0,10,"['90:76:9f:50:27:d9', '90:76:9f:88:5e:a3']",253716782886837975741496949602491833739,3478,0,0,0,0,1,1,0,1,1,0,0,1,0,1,1,0,1
164322,0,"['192.168.1.148', 56310, '180.97.123.223', 6002, 17]",2065,0,10,"['68:6d:bc:a9:7d:7c', '90:76:9f:88:5e:a3']",662948236772783266222023488703785105738,6002,0,0,0,1,0,1,1,1,0,1,1,1,0,0,1,0,1
174715,0,"['192.168.1.148', 41194, '180.97.123.223', 6002, 17]",2065,0,10,"['68:6d:bc:a9:7d:7c', '90:76:9f:88:5e:a3']",500489171450271607071654377004729706318,6002,0,0,0,1,0,1,1,1,0,1,1,1,0,0,1,0,1
164187,0,"['192.168.1.148', 55155, '180.97.123.223', 6002, 17]",2065,0,10,"['68:6d:bc:a9:7d:7c', '90:76:9f:88:5e:a3']",491884358575671561287357989891696144521,6002,0,0,0,1,0,1,1,1,0,1,1,1,0,0,1,0,1
174769,0,"['192.168.1.148', 57064, '180.97.123.223', 6002, 17]",2065,0,10,"['68:6d:bc:a9:7d:7c', '90:76:9f:88:5e:a3']",444210845527466346561678576382107283700,6002,0,0,0,1,0,1,1,1,0,1,1,1,0,0,1,0,1
164534,0,"['192.168.1.148', 55408, '180.97.123.223', 6002, 17]",2065,0,10,"['68:6d:bc:a9:7d:7c', '90:76:9f:88:5e:a3']",398306761701624433347511033988066918578,6002,0,0,0,1,0,1,1,1,0,1,1,1,0,0,1,0,1
175150,0,"['192.168.1.148', 44255, '180.97.123.223', 6002, 17]",2065,0,10,"['68:6d:bc:a9:7d:7c', '90:76:9f:88:5e:a3']",444285007014703562702999111239564866085,6002,0,0,0,1,0,1,1,1,0,1,1,1,0,0,1,0,1
16126,0,"['192.168.1.166', 35210, '118.26.252.214', 8053, 17]",892,0,5,"['54:ef:44:cd:42:95', '90:76:9f:88:5e:a3']",385372050532012179505260243373836167152,8053,0,0,0,1,1,1,1,1,0,1,1,1,0,1,0,1,1
169795,0,"['192.168.1.148', 46978, '180.97.123.223', 6002, 17]",2065,0,10,"['68:6d:bc:a9:7d:7c', '90:76:9f:88:5e:a3']",554808400592864536453309577056464498655,6002,0,0,0,1,0,1,1,1,0,1,1,1,0,0,1,0,1
169799,0,"['192.168.1.148', 51476, '180.97.123.223', 6002, 17]",2065,0,10,"['68:6d:bc:a9:7d:7c', '90:76:9f:88:5e:a3']",568316055636342031609155255865562099648,6002,0,0,0,1,0,1,1,1,0,1,1,1,0,0,1,0,1
164047,0,"['192.168.1.148', 44208, '180.97.123.223', 6002, 17]",2065,0,10,"['68:6d:bc:a9:7d:7c', '90:76:9f:88:5e:a3']",457512893421096400029616328750301649385,6002,0,0,0,1,0,1,1,1,0,1,1,1,0,0,1,0,1
219621,0,"['192.168.1.153', 30658, '118.25.112.63', 3478, 17]",760,0,10,"['90:76:9f:50:27:d9', '90:76:9f:88:5e:a3']",84992800338316105458072363088109642513,3478,0,0,0,0,1,1,0,1,1,0,0,1,0,1,1,0,1
169496,0,"['192.168.1.148', 52726, '180.97.123.223', 6002, 17]",2065,0,10,"['68:6d:bc:a9:7d:7c', '90:76:9f:88:5e:a3']",383864578089486778433284551085928775536,6002,0,0,0,1,0,1,1,1,0,1,1,1,0,0,1,0,1
205629,0,"['192.168.1.153', 31280, '118.25.112.63', 3478, 17]",760,0,10,"['90:76:9f:50:27:d9', '90:76:9f:88:5e:a3']",133036327984169069202975070902079106068,3478,0,0,0,0,1,1,0,1,1,0,0,1,0,1,1,0,1
164063,0,"['192.168.1.148', 35932, '180.97.123.223', 6002, 17]",2065,0,10,"['68:6d:bc:a9:7d:7c', '90:76:9f:88:5e:a3']",617211035903258936839183563455303895177,6002,0,0,0,1,0,1,1,1,0,1,1,1,0,0,1,0,1
220339,0,"['192.168.1.153', 17807, '118.25.112.63', 3478, 17]",912,0,12,"['90:76:9f:50:27:d9', '90:76:9f:88:5e:a3']",292083396421507278351346587290369442939,3478,0,0,0,0,1,1,0,1,1,0,0,1,0,1,1,0,1
158974,0,"['192.168.1.148', 34422, '180.97.123.223', 6002, 17]",2065,0,10,"['68:6d:bc:a9:7d:7c', '90:76:9f:88:5e:a3']",353224521164878421159608502601280894020,6002,0,0,0,1,0,1,1,1,0,1,1,1,0,0,1,0,1
175176,0,"['192.168.1.148', 58876, '180.97.123.223', 6002, 17]",2065,0,10,"['68:6d:bc:a9:7d:7c', '90:76:9f:88:5e:a3']",613777476875186234207634866089060436245,6002,0,0,0,1,0,1,1,1,0,1,1,1,0,0,1,0,1
158942,0,"['192.168.1.148', 36255, '180.97.123.223', 6002, 17]",2065,0,10,"['68:6d:bc:a9:7d:7c', '90:76:9f:88:5e:a3']",609170316936803564925774938642779997335,6002,0,0,0,1,0,1,1,1,0,1,1,1,0,0,1,0,1
174918,0,"['192.168.1.148', 44812, '180.97.123.223', 6002, 17]",2065,0,10,"['68:6d:bc:a9:7d:7c', '90:76:9f:88:5e:a3']",584991119495457832622964603822371948425,6002,0,0,0,1,0,1,1,1,0,1,1,1,0,0,1,0,1
10366,0,"['118.26.252.214', 8053, '192.168.1.166', 35210, 17]",932,0,3,"['90:76:9f:88:5e:a3', '54:ef:44:cd:42:95']",385372050532012179505260243373836167152,8053,0,0,0,1,1,1,1,1,0,1,1,1,0,1,0,1,1
169382,0,"['192.168.1.148', 41885, '180.97.123.223', 6002, 17]",2065,0,10,"['68:6d:bc:a9:7d:7c', '90:76:9f:88:5e:a3']",357283896770379860148401180019521383351,6002,0,0,0,1,0,1,1,1,0,1,1,1,0,0,1,0,1
164668,0,"['192.168.1.148', 50582, '180.97.123.223', 6002, 17]",2065,0,10,"['68:6d:bc:a9:7d:7c', '90:76:9f:88:5e:a3']",377974677349415983770203907640786155122,6002,0,0,0,1,0,1,1,1,0,1,1,1,0,0,1,0,1
17883,0,"['192.168.1.166', 35210, '118.26.252.214', 8053, 17]",892,0,5,"['54:ef:44:cd:42:95', '90:76:9f:88:5e:a3']",385372050532012179505260243373836167152,8053,0,0,0,1,1,1,1,1,0,1,1,1,0,1,0,1,1
212899,0,"['192.168.1.153', 32387, '212.64.65.187', 3478, 17]",784,0,14,"['90:76:9f:50:27:d9', '90:76:9f:88:5e:a3']",430104649911849834516910557477066590875,3478,0,0,0,0,1,1,0,1,1,0,0,1,0,1,1,0,1
169461,0,"['192.168.1.148', 55439, '180.97.123.223', 6002, 17]",2065,0,10,"['68:6d:bc:a9:7d:7c', '90:76:9f:88:5e:a3']",606041396447619790914478587850925536930,6002,0,0,0,1,0,1,1,1,0,1,1,1,0,0,1,0,1
19007,0,"['118.26.252.214', 8053, '192.168.1.166', 35210, 17]",932,0,3,"['90:76:9f:88:5e:a3', '54:ef:44:cd:42:95']",385372050532012179505260243373836167152,8053,0,0,0,1,1,1,1,1,0,1,1,1,0,1,0,1,1
134341,0,"['192.168.1.199', 5027, '192.168.1.1', 53, 17]",704,0,8,"['b0:f8:93:42:22:bf', '90:76:9f:88:5e:a3']",306175749805063117464266764083993454886,53,0,0,0,0,0,0,0,0,0,0,1,1,0,1,0,1,1
159388,0,"['192.168.1.148', 52800, '180.97.123.223', 6002, 17]",2065,0,10,"['68:6d:bc:a9:7d:7c', '90:76:9f:88:5e:a3']",379274337136786171185531863377765995612,6002,0,0,0,1,0,1,1,1,0,1,1,1,0,0,1,0,1
162716,0,"['192.168.1.148', 42608, '180.97.123.251', 6001, 17]",752,0,4,"['68:6d:bc:a9:7d:7c', '90:76:9f:88:5e:a3']",320602445069125039792740739311154934651,6001,0,0,0,1,0,1,1,1,0,1,1,1,0,0,0,1,1
174858,0,"['192.168.1.148', 50527, '180.97.123.223', 6002, 17]",2065,0,10,"['68:6d:bc:a9:7d:7c', '90:76:9f:88:5e:a3']",462680260472144379468527708279971533265,6002,0,0,0,1,0,1,1,1,0,1,1,1,0,0,1,0,1
14700,0,"['118.26.252.214', 8053, '192.168.1.166', 35210, 17]",932,0,3,"['90:76:9f:88:5e:a3', '54:ef:44:cd:42:95']",385372050532012179505260243373836167152,8053,0,0,0,1,1,1,1,1,0,1,1,1,0,1,0,1,1
169563,0,"['192.168.1.148', 59953, '180.97.123.223', 6002, 17]",2065,0,10,"['68:6d:bc:a9:7d:7c', '90:76:9f:88:5e:a3']",628261727513458516042958673903513294163,6002,0,0,0,1,0,1,1,1,0,1,1,1,0,0,1,0,1
164328,0,"['192.168.1.148', 59093, '180.97.123.223', 6002, 17]",2065,0,10,"['68:6d:bc:a9:7d:7c', '90:76:9f:88:5e:a3']",571545802813866228878784228155807131646,6002,0,0,0,1,0,1,1,1,0,1,1,1,0,0,1,0,1
158870,0,"['192.168.1.148', 46445, '180.97.123.223', 6002, 17]",2065,0,10,"['68:6d:bc:a9:7d:7c', '90:76:9f:88:5e:a3']",572417808195472598216804145174993389717,6002,0,0,0,1,0,1,1,1,0,1,1,1,0,0,1,0,1
174916,0,"['192.168.1.148', 40139, '180.97.123.223', 6002, 17]",2065,0,10,"['68:6d:bc:a9:7d:7c', '90:76:9f:88:5e:a3']",338704706028870788227534172402713049704,6002,0,0,0,1,0,1,1,1,0,1,1,1,0,0,1,0,1
169639,0,"['192.168.1.148', 51705, '180.97.123.223', 6002, 17]",2065,0,10,"['68:6d:bc:a9:7d:7c', '90:76:9f:88:5e:a3']",549787144402791644367833742239811166544,6002,0,0,0,1,0,1,1,1,0,1,1,1,0,0,1,0,1
18216,0,"['192.168.1.166', 35210, '118.26.252.214', 8053, 17]",892,0,5,"['54:ef:44:cd:42:95', '90:76:9f:88:5e:a3']",385372050532012179505260243373836167152,8053,0,0,0,1,1,1,1,1,0,1,1,1,0,1,0,1,1
21124,0,"['118.26.252.214', 8053, '192.168.1.166', 35210, 17]",948,0,3,"['90:76:9f:88:5e:a3', '54:ef:44:cd:42:95']",385372050532012179505260243373836167152,8053,0,0,0,1,1,1,1,1,0,1,1,1,0,1,0,1,1
164512,0,"['192.168.1.148', 52933, '180.97.123.223', 6002, 17]",2065,0,10,"['68:6d:bc:a9:7d:7c', '90:76:9f:88:5e:a3']",596776301577441948441934980463729360627,6002,0,0,0,1,0,1,1,1,0,1,1,1,0,0,1,0,1
6942,0,"['192.168.1.166', 35210, '118.26.252.214', 8053, 17]",892,0,5,"['54:ef:44:cd:42:95', '90:76:9f:88:5e:a3']",385372050532012179505260243373836167152,8053,0,0,0,1,1,1,1,1,0,1,1,1,0,1,0,1,1
174594,0,"['192.168.1.148', 48376, '180.97.123.223', 6002, 17]",2065,0,10,"['68:6d:bc:a9:7d:7c', '90:76:9f:88:5e:a3']",515028928992538980884898065547033300485,6002,0,0,0,1,0,1,1,1,0,1,1,1,0,0,1,0,1
159254,0,"['192.168.1.148', 51973, '180.97.123.223', 6002, 17]",2065,0,10,"['68:6d:bc:a9:7d:7c', '90:76:9f:88:5e:a3']",342392940389318916726540458771382142868,6002,0,0,0,1,0,1,1,1,0,1,1,1,0,0,1,0,1
169484,0,"['192.168.1.148', 49861, '180.97.123.223', 6002, 17]",2065,0,10,"['68:6d:bc:a9:7d:7c', '90:76:9f:88:5e:a3']",413611283161692622103866454556742830387,6002,0,0,0,1,0,1,1,1,0,1,1,1,0,0,1,0,1
213870,0,"['192.168.1.153', 30317, '212.64.65.187', 3478, 17]",912,0,12,"['90:76:9f:50:27:d9', '90:76:9f:88:5e:a3']",501431369015051474375040523707196861014,3478,0,0,0,0,1,1,0,1,1,0,0,1,0,1,1,0,1
158853,0,"['192.168.1.148', 38056, '180.97.123.223', 6002, 17]",2065,0,10,"['68:6d:bc:a9:7d:7c', '90:76:9f:88:5e:a3']",595668055614666595347964173303126800293,6002,0,0,0,1,0,1,1,1,0,1,1,1,0,0,1,0,1
174966,0,"['192.168.1.148', 53936, '180.97.123.223', 6002, 17]",2065,0,10,"['68:6d:bc:a9:7d:7c', '90:76:9f:88:5e:a3']",654998004605717906168093250612890845920,6002,0,0,0,1,0,1,1,1,0,1,1,1,0,0,1,0,1
169434,0,"['192.168.1.148', 50655, '180.97.123.223', 6002, 17]",2065,0,10,"['68:6d:bc:a9:7d:7c', '90:76:9f:88:5e:a3']",413317127309997913016350329328070261017,6002,0,0,0,1,0,1,1,1,0,1,1,1,0,0,1,0,1
220328,0,"['192.168.1.153', 26012, '118.25.112.63', 3478, 17]",760,0,10,"['90:76:9f:50:27:d9', '90:76:9f:88:5e:a3']",408175865449678715772473319952738781268,3478,0,0,0,0,1,1,0,1,1,0,0,1,0,1,1,0,1
11670,0,"['118.26.252.214', 8053, '192.168.1.166', 35210, 17]",804,0,7,"['90:76:9f:88:5e:a3', '54:ef:44:cd:42:95']",385372050532012179505260243373836167152,8053,0,0,0,1,1,1,1,1,0,1,1,1,0,1,0,1,1
107328,0,"['192.168.1.199', 57371, '192.168.1.1', 53, 17]",704,0,8,"['b0:f8:93:42:22:bf', '90:76:9f:88:5e:a3']",263542141295520920580541289734839541337,53,0,0,0,0,0,0,0,0,0,0,1,1,0,1,0,1,1
174844,0,"['192.168.1.148', 42056, '180.97.123.223', 6002, 17]",2065,0,10,"['68:6d:bc:a9:7d:7c', '90:76:9f:88:5e:a3']",656491514872788370598248358076261831471,6002,0,0,0,1,0,1,1,1,0,1,1,1,0,0,1,0,1
213354,0,"['192.168.1.153', 26505, '212.64.65.187', 3478, 17]",912,0,12,"['90:76:9f:50:27:d9', '90:76:9f:88:5e:a3']",249122761338885070794663917609297787325,3478,0,0,0,0,1,1,0,1,1,0,0,1,0,1,1,0,1
174806,0,"['192.168.1.148', 47918, '180.97.123.223', 6002, 17]",2065,0,10,"['68:6d:bc:a9:7d:7c', '90:76:9f:88:5e:a3']",480351660196534789616006283211782691344,6002,0,0,0,1,0,1,1,1,0,1,1,1,0,0,1,0,1
169781,0,"['192.168.1.148', 35691, '180.97.123.223', 6002, 17]",2065,0,10,"['68:6d:bc:a9:7d:7c', '90:76:9f:88:5e:a3']",358503171495512683904322524338536006246,6002,0,0,0,1,0,1,1,1,0,1,1,1,0,0,1,0,1
164652,0,"['192.168.1.148', 46207, '180.97.123.223', 6002, 17]",2065,0,10,"['68:6d:bc:a9:7d:7c', '90:76:9f:88:5e:a3']",418821996792072442875959856585353829840,6002,0,0,0,1,0,1,1,1,0,1,1,1,0,0,1,0,1
169492,0,"['192.168.1.148', 48742, '180.97.123.223', 6002, 17]",2065,0,10,"['68:6d:bc:a9:7d:7c', '90:76:9f:88:5e:a3']",548630326403911563134097837286034184418,6002,0,0,0,1,0,1,1,1,0,1,1,1,0,0,1,0,1
159304,0,"['192.168.1.148', 60294, '180.97.123.223', 6002, 17]",2065,0,10,"['68:6d:bc:a9:7d:7c', '90:76:9f:88:5e:a3']",348471385824190349627471312656635932678,6002,0,0,0,1,0,1,1,1,0,1,1,1,0,0,1,0,1
25542,0,"['192.168.1.166', 35210, '118.26.252.214', 8053, 17]",892,0,5,"['54:ef:44:cd:42:95', '90:76:9f:88:5e:a3']",385372050532012179505260243373836167152,8053,0,0,0,1,1,1,1,1,0,1,1,1,0,1,0,1,1
61755,0,"['192.168.1.199', 60917, '192.168.1.1', 53, 17]",704,0,8,"['b0:f8:93:42:22:bf', '90:76:9f:88:5e:a3']",277650430309454595026550064337675907937,53,0,0,0,0,0,0,0,0,0,0,1,1,0,1,0,1,1
207107,0,"['192.168.1.153', 30223, '118.25.112.63', 3478, 17]",760,0,10,"['90:76:9f:50:27:d9', '90:76:9f:88:5e:a3']",264163964879910911173203279982712657871,3478,0,0,0,0,1,1,0,1,1,0,0,1,0,1,1,0,1
212659,0,"['192.168.1.153', 26887, '212.64.65.187', 3478, 17]",760,0,10,"['90:76:9f:50:27:d9', '90:76:9f:88:5e:a3']",221637401152917874168781085590582898908,3478,0,0,0,0,1,1,0,1,1,0,0,1,0,1,1,0,1
164040,0,"['192.168.1.148', 57986, '180.97.123.223', 6002, 17]",2065,0,10,"['68:6d:bc:a9:7d:7c', '90:76:9f:88:5e:a3']",498164727220720556326920673318238376390,6002,0,0,0,1,0,1,1,1,0,1,1,1,0,0,1,0,1
19668,0,"['192.168.1.166', 35210, '118.26.252.214', 8053, 17]",892,0,5,"['54:ef:44:cd:42:95', '90:76:9f:88:5e:a3']",385372050532012179505260243373836167152,8053,0,0,0,1,1,1,1,1,0,1,1,1,0,1,0,1,1
11617,0,"['118.26.252.214', 8053, '192.168.1.166', 35210, 17]",804,0,7,"['90:76:9f:88:5e:a3', '54:ef:44:cd:42:95']",385372050532012179505260243373836167152,8053,0,0,0,1,1,1,1,1,0,1,1,1,0,1,0,1,1
218551,0,"['192.168.1.153', 27353, '118.25.112.63', 3478, 17]",912,0,12,"['90:76:9f:50:27:d9', '90:76:9f:88:5e:a3']",150411170638094477243619285901193285181,3478,0,0,0,0,1,1,0,1,1,0,0,1,0,1,1,0,1
207503,0,"['192.168.1.153', 24495, '212.64.65.187', 3478, 17]",760,0,10,"['90:76:9f:50:27:d9', '90:76:9f:88:5e:a3']",351383828917879602454328218427917297751,3478,0,0,0,0,1,1,0,1,1,0,0,1,0,1,1,0,1
1485,0,"['192.168.1.166', 35210, '118.26.252.214', 8053, 17]",892,0,5,"['54:ef:44:cd:42:95', '90:76:9f:88:5e:a3']",385372050532012179505260243373836167152,8053,0,0,0,1,1,1,1,1,0,1,1,1,0,1,0,1,1
13726,0,"['192.168.1.166', 35210, '118.26.252.214', 8053, 17]",892,0,5,"['54:ef:44:cd:42:95', '90:76:9f:88:5e:a3']",385372050532012179505260243373836167152,8053,0,0,0,1,1,1,1,1,0,1,1,1,0,1,0,1,1
220088,0,"['192.168.1.153', 29516, '118.25.112.63', 3478, 17]",784,0,14,"['90:76:9f:50:27:d9', '90:76:9f:88:5e:a3']",350171044076213601890115983258777820922,3478,0,0,0,0,1,1,0,1,1,0,0,1,0,1,1,0,1
174648,0,"['192.168.1.148', 54682, '180.97.123.223', 6002, 17]",2065,0,10,"['68:6d:bc:a9:7d:7c', '90:76:9f:88:5e:a3']",584434597630080530966515691969224750088,6002,0,0,0,1,0,1,1,1,0,1,1,1,0,0,1,0,1
201355,0,"['192.168.1.153', 30906, '118.25.112.63', 3478, 17]",760,0,10,"['90:76:9f:50:27:d9', '90:76:9f:88:5e:a3']",363322872616520486956925959586799102176,3478,0,0,0,0,1,1,0,1,1,0,0,1,0,1,1,0,1
26023,0,"['192.168.1.166', 35210, '118.26.252.214', 8053, 17]",892,0,5,"['54:ef:44:cd:42:95', '90:76:9f:88:5e:a3']",385372050532012179505260243373836167152,8053,0,0,0,1,1,1,1,1,0,1,1,1,0,1,0,1,1
82957,0,"['192.168.1.199', 60525, '192.168.1.1', 53, 17]",704,0,8,"['b0:f8:93:42:22:bf', '90:76:9f:88:5e:a3']",140800732842854818687748631026220059565,53,0,0,0,0,0,0,0,0,0,0,1,1,0,1,0,1,1
206152,0,"['192.168.1.153', 22082, '118.25.112.63', 3478, 17]",760,0,10,"['90:76:9f:50:27:d9', '90:76:9f:88:5e:a3']",243579990593095018177168575472518034294,3478,0,0,0,0,1,1,0,1,1,0,0,1,0,1,1,0,1
159063,0,"['192.168.1.148', 56101, '180.97.123.223', 6002, 17]",2065,0,10,"['68:6d:bc:a9:7d:7c', '90:76:9f:88:5e:a3']",366823881611134626656144990426941501659,6002,0,0,0,1,0,1,1,1,0,1,1,1,0,0,1,0,1
159394,0,"['192.168.1.148', 48714, '180.97.123.223', 6002, 17]",2065,0,10,"['68:6d:bc:a9:7d:7c', '90:76:9f:88:5e:a3']",589454091824375047149847791839966305339,6002,0,0,0,1,0,1,1,1,0,1,1,1,0,0,1,0,1
6186,0,"['118.26.252.214', 8053, '192.168.1.166', 35210, 17]",948,0,3,"['90:76:9f:88:5e:a3', '54:ef:44:cd:42:95']",385372050532012179505260243373836167152,8053,0,0,0,1,1,1,1,1,0,1,1,1,0,1,0,1,1
169318,0,"['192.168.1.148', 48374, '180.97.123.223', 6002, 17]",2065,0,10,"['68:6d:bc:a9:7d:7c', '90:76:9f:88:5e:a3']",369856307045849423550527029741296026323,6002,0,0,0,1,0,1,1,1,0,1,1,1,0,0,1,0,1
159098,0,"['192.168.1.148', 34059, '180.97.123.223', 6002, 17]",2065,0,10,"['68:6d:bc:a9:7d:7c', '90:76:9f:88:5e:a3']",509446375149118048717553148593038222311,6002,0,0,0,1,0,1,1,1,0,1,1,1,0,0,1,0,1
134343,0,"['192.168.1.199', 5052, '192.168.1.1', 53, 17]",704,0,8,"['b0:f8:93:42:22:bf', '90:76:9f:88:5e:a3']",174985303117846097130796957746949181405,53,0,0,0,0,0,0,0,0,0,0,1,1,0,1,0,1,1
159040,0,"['192.168.1.148', 47810, '180.97.123.223', 6002, 17]",2065,0,10,"['68:6d:bc:a9:7d:7c', '90:76:9f:88:5e:a3']",546333704005100655479259775885693388403,6002,0,0,0,1,0,1,1,1,0,1,1,1,0,0,1,0,1
158829,0,"['192.168.1.148', 54239, '180.97.123.223', 6002, 17]",2065,0,10,"['68:6d:bc:a9:7d:7c', '90:76:9f:88:5e:a3']",489202744890546823095026595592032145504,6002,0,0,0,1,0,1,1,1,0,1,1,1,0,0,1,0,1
175020,0,"['192.168.1.148', 40367, '180.97.123.223', 6002, 17]",2065,0,10,"['68:6d:bc:a9:7d:7c', '90:76:9f:88:5e:a3']",462877957267429609436909269131334907516,6002,0,0,0,1,0,1,1,1,0,1,1,1,0,0,1,0,1
175094,0,"['192.168.1.148', 43839, '180.97.123.223', 6002, 17]",2065,0,10,"['68:6d:bc:a9:7d:7c', '90:76:9f:88:5e:a3']",507276429863496637594852983164500184853,6002,0,0,0,1,0,1,1,1,0,1,1,1,0,0,1,0,1
164487,0,"['192.168.1.148', 36882, '180.97.123.223', 6002, 17]",2065,0,10,"['68:6d:bc:a9:7d:7c', '90:76:9f:88:5e:a3']",582369332734093305171210905778920975250,6002,0,0,0,1,0,1,1,1,0,1,1,1,0,0,1,0,1
159165,0,"['192.168.1.148', 52886, '180.97.123.223', 6002, 17]",2065,0,10,"['68:6d:bc:a9:7d:7c', '90:76:9f:88:5e:a3']",559669946361925756640217117264378733791,6002,0,0,0,1,0,1,1,1,0,1,1,1,0,0,1,0,1
206425,0,"['192.168.1.153', 18715, '118.25.112.63', 3478, 17]",912,0,12,"['90:76:9f:50:27:d9', '90:76:9f:88:5e:a3']",303380085197523620776100915415342753983,3478,0,0,0,0,1,1,0,1,1,0,0,1,0,1,1,0,1
206332,0,"['192.168.1.153', 16896, '123.206.227.74', 3479, 17]",760,0,10,"['90:76:9f:50:27:d9', '90:76:9f:88:5e:a3']",279008526168293811634552281018983538211,3479,0,0,0,0,1,1,0,1,1,0,0,1,0,1,1,1,1
1405,0,"['118.26.252.214', 8053, '192.168.1.166', 35210, 17]",932,0,3,"['90:76:9f:88:5e:a3', '54:ef:44:cd:42:95']",385372050532012179505260243373836167152,8053,0,0,0,1,1,1,1,1,0,1,1,1,0,1,0,1,1
175006,0,"['192.168.1.148', 48594, '180.97.123.223', 6002, 17]",2065,0,10,"['68:6d:bc:a9:7d:7c', '90:76:9f:88:5e:a3']",581601080209725082806949146606034032428,6002,0,0,0,1,0,1,1,1,0,1,1,1,0,0,1,0,1
214517,0,"['192.168.1.153', 19807, '118.25.112.63', 3478, 17]",760,0,10,"['90:76:9f:50:27:d9', '90:76:9f:88:5e:a3']",82943856158933662016181959301148291764,3478,0,0,0,0,1,1,0,1,1,0,0,1,0,1,1,0,1
164316,0,"['192.168.1.148', 39009, '180.97.123.223', 6002, 17]",2065,0,10,"['68:6d:bc:a9:7d:7c', '90:76:9f:88:5e:a3']",389691215849927023568380878866211214464,6002,0,0,0,1,0,1,1,1,0,1,1,1,0,0,1,0,1
174997,0,"['192.168.1.148', 45012, '180.97.123.223', 6002, 17]",2065,0,10,"['68:6d:bc:a9:7d:7c', '90:76:9f:88:5e:a3']",502980032797981381321867777444323630333,6002,0,0,0,1,0,1,1,1,0,1,1,1,0,0,1,0,1
111530,0,"['192.168.1.147', 49815, '192.168.1.171', 43549, 17]",896,0,8,"['b0:59:47:a2:b2:ab', 'a0:a4:c5:63:ba:c3']",286960388314565738208057924693753248639,43549,1,0,1,0,1,0,1,0,0,0,0,1,1,1,0,1,1
3015,0,"['118.26.252.214', 8053, '192.168.1.166', 35210, 17]",884,0,7,"['90:76:9f:88:5e:a3', '54:ef:44:cd:42:95']",385372050532012179505260243373836167152,8053,0,0,0,1,1,1,1,1,0,1,1,1,0,1,0,1,1
1294,0,"['192.168.1.166', 35210, '118.26.252.214', 8053, 17]",892,0,5,"['54:ef:44:cd:42:95', '90:76:9f:88:5e:a3']",385372050532012179505260243373836167152,8053,0,0,0,1,1,1,1,1,0,1,1,1,0,1,0,1,1
207589,0,"['192.168.1.153', 24139, '212.64.65.187', 3478, 17]",760,0,10,"['90:76:9f:50:27:d9', '90:76:9f:88:5e:a3']",475869036836340963375581849917834316701,3478,0,0,0,0,1,1,0,1,1,0,0,1,0,1,1,0,1
174706,0,"['192.168.1.148', 54738, '180.97.123.223', 6002, 17]",2065,0,10,"['68:6d:bc:a9:7d:7c', '90:76:9f:88:5e:a3']",337676352236100671296981910747168141279,6002,0,0,0,1,0,1,1,1,0,1,1,1,0,0,1,0,1
159038,0,"['192.168.1.148', 38759, '180.97.123.223', 6002, 17]",2065,0,10,"['68:6d:bc:a9:7d:7c', '90:76:9f:88:5e:a3']",601906258541848953794640574770133128887,6002,0,0,0,1,0,1,1,1,0,1,1,1,0,0,1,0,1
7037,0,"['192.168.1.166', 35210, '118.26.252.214', 8053, 17]",892,0,5,"['54:ef:44:cd:42:95', '90:76:9f:88:5e:a3']",385372050532012179505260243373836167152,8053,0,0,0,1,1,1,1,1,0,1,1,1,0,1,0,1,1
164355,0,"['192.168.1.148', 43477, '180.97.123.223', 6002, 17]",2065,0,10,"['68:6d:bc:a9:7d:7c', '90:76:9f:88:5e:a3']",343573747747618189101663336709895910411,6002,0,0,0,1,0,1,1,1,0,1,1,1,0,0,1,0,1
20720,0,"['192.168.1.166', 35210, '118.26.252.214', 8053, 17]",892,0,5,"['54:ef:44:cd:42:95', '90:76:9f:88:5e:a3']",385372050532012179505260243373836167152,8053,0,0,0,1,1,1,1,1,0,1,1,1,0,1,0,1,1
174698,0,"['192.168.1.148', 35511, '180.97.123.223', 6002, 17]",2065,0,10,"['68:6d:bc:a9:7d:7c', '90:76:9f:88:5e:a3']",368130394259939363396808146033653018995,6002,0,0,0,1,0,1,1,1,0,1,1,1,0,0,1,0,1
212489,0,"['192.168.1.153', 27470, '212.64.65.187', 3478, 17]",912,0,12,"['90:76:9f:50:27:d9', '90:76:9f:88:5e:a3']",462058003363724818505831006688598666556,3478,0,0,0,0,1,1,0,1,1,0,0,1,0,1,1,0,1
220406,0,"['192.168.1.153', 21375, '118.25.112.63', 3478, 17]",912,0,12,"['90:76:9f:50:27:d9', '90:76:9f:88:5e:a3']",97891272282335346497285803726781053139,3478,0,0,0,0,1,1,0,1,1,0,0,1,0,1,1,0,1
10697,0,"['118.26.252.214', 8053, '192.168.1.166', 35210, 17]",804,0,7,"['90:76:9f:88:5e:a3', '54:ef:44:cd:42:95']",385372050532012179505260243373836167152,8053,0,0,0,1,1,1,1,1,0,1,1,1,0,1,0,1,1
164320,0,"['192.168.1.148', 36954, '180.97.123.223', 6002, 17]",2065,0,10,"['68:6d:bc:a9:7d:7c', '90:76:9f:88:5e:a3']",629751511823625429722329381911490691002,6002,0,0,0,1,0,1,1,1,0,1,1,1,0,0,1,0,1
174823,0,"['192.168.1.148', 56282, '180.97.123.223', 6002, 17]",2065,0,10,"['68:6d:bc:a9:7d:7c', '90:76:9f:88:5e:a3']",622489087075423966312847314493873370582,6002,0,0,0,1,0,1,1,1,0,1,1,1,0,0,1,0,1
11349,0,"['118.26.252.214', 8053, '192.168.1.166', 35210, 17]",804,0,7,"['90:76:9f:88:5e:a3', '54:ef:44:cd:42:95']",385372050532012179505260243373836167152,8053,0,0,0,1,1,1,1,1,0,1,1,1,0,1,0,1,1
169644,0,"['192.168.1.148', 40868, '180.97.123.223', 6002, 17]",2065,0,10,"['68:6d:bc:a9:7d:7c', '90:76:9f:88:5e:a3']",428127608623769912919857939776799260904,6002,0,0,0,1,0,1,1,1,0,1,1,1,0,0,1,0,1
10339,0,"['192.168.1.166', 35210, '118.26.252.214', 8053, 17]",892,0,5,"['54:ef:44:cd:42:95', '90:76:9f:88:5e:a3']",385372050532012179505260243373836167152,8053,0,0,0,1,1,1,1,1,0,1,1,1,0,1,0,1,1
175065,0,"['192.168.1.148', 50891, '180.97.123.223', 6002, 17]",2065,0,10,"['68:6d:bc:a9:7d:7c', '90:76:9f:88:5e:a3']",409218473995348412130794772668799404513,6002,0,0,0,1,0,1,1,1,0,1,1,1,0,0,1,0,1
214383,0,"['192.168.1.153', 26306, '118.25.112.63', 3478, 17]",760,0,10,"['90:76:9f:50:27:d9', '90:76:9f:88:5e:a3']",118473435508707060465966506181621942224,3478,0,0,0,0,1,1,0,1,1,0,0,1,0,1,1,0,1
169314,0,"['192.168.1.148', 60825, '180.97.123.223', 6002, 17]",2065,0,10,"['68:6d:bc:a9:7d:7c', '90:76:9f:88:5e:a3']",435830756349339232719053336098776984275,6002,0,0,0,1,0,1,1,1,0,1,1,1,0,0,1,0,1
8580,0,"['118.26.252.214', 8053, '192.168.1.166', 35210, 17]",932,0,3,"['90:76:9f:88:5e:a3', '54:ef:44:cd:42:95']",385372050532012179505260243373836167152,8053,0,0,0,1,1,1,1,1,0,1,1,1,0,1,0,1,1
174700,0,"['192.168.1.148', 53626, '180.97.123.223', 6002, 17]",2065,0,10,"['68:6d:bc:a9:7d:7c', '90:76:9f:88:5e:a3']",501720403654415015966126601525889455344,6002,0,0,0,1,0,1,1,1,0,1,1,1,0,0,1,0,1
164380,0,"['192.168.1.148', 42887, '180.97.123.223', 6002, 17]",2065,0,10,"['68:6d:bc:a9:7d:7c', '90:76:9f:88:5e:a3']",434018481903735115639516678462776949138,6002,0,0,0,1,0,1,1,1,0,1,1,1,0,0,1,0,1
205899,0,"['192.168.1.153', 25610, '118.25.112.63', 3478, 17]",760,0,10,"['90:76:9f:50:27:d9', '90:76:9f:88:5e:a3']",280462257623078775745191252579890705400,3478,0,0,0,0,1,1,0,1,1,0,0,1,0,1,1,0,1
206231,0,"['192.168.1.153', 27216, '118.25.112.63', 3478, 17]",760,0,10,"['90:76:9f:50:27:d9', '90:76:9f:88:5e:a3']",408547397487266324680744160119895323558,3478,0,0,0,0,1,1,0,1,1,0,0,1,0,1,1,0,1
159113,0,"['192.168.1.148', 52023, '180.97.123.223', 6002, 17]",2065,0,10,"['68:6d:bc:a9:7d:7c', '90:76:9f:88:5e:a3']",569620389042275077854978250024137651257,6002,0,0,0,1,0,1,1,1,0,1,1,1,0,0,1,0,1
159279,0,"['192.168.1.148', 37239, '180.97.123.223', 6002, 17]",2065,0,10,"['68:6d:bc:a9:7d:7c', '90:76:9f:88:5e:a3']",355620775164018983041625248058667706573,6002,0,0,0,1,0,1,1,1,0,1,1,1,0,0,1,0,1
174619,0,"['192.168.1.148', 50566, '180.97.123.223', 6002, 17]",2065,0,10,"['68:6d:bc:a9:7d:7c', '90:76:9f:88:5e:a3']",633874226913842942087052573240007093243,6002,0,0,0,1,0,1,1,1,0,1,1,1,0,0,1,0,1
164452,0,"['192.168.1.148', 58687, '180.97.123.223', 6002, 17]",2065,0,10,"['68:6d:bc:a9:7d:7c', '90:76:9f:88:5e:a3']",427861925208856377479896969651975299577,6002,0,0,0,1,0,1,1,1,0,1,1,1,0,0,1,0,1
169633,0,"['192.168.1.148', 34834, '180.97.123.223', 6002, 17]",2065,0,10,"['68:6d:bc:a9:7d:7c', '90:76:9f:88:5e:a3']",569203057141214864683106612333785900503,6002,0,0,0,1,0,1,1,1,0,1,1,1,0,0,1,0,1
159044,0,"['192.168.1.148', 58155, '180.97.123.223', 6002, 17]",2065,0,10,"['68:6d:bc:a9:7d:7c', '90:76:9f:88:5e:a3']",429833936824573163131514379958572492609,6002,0,0,0,1,0,1,1,1,0,1,1,1,0,0,1,0,1
6861,0,"['118.26.252.214', 8053, '192.168.1.166', 35210, 17]",948,0,3,"['90:76:9f:88:5e:a3', '54:ef:44:cd:42:95']",385372050532012179505260243373836167152,8053,0,0,0,1,1,1,1,1,0,1,1,1,0,1,0,1,1
158810,0,"['192.168.1.148', 55377, '180.97.123.223', 6002, 17]",2065,0,10,"['68:6d:bc:a9:7d:7c', '90:76:9f:88:5e:a3']",587639790116485124341393364045322040703,6002,0,0,0,1,0,1,1,1,0,1,1,1,0,0,1,0,1
213414,0,"['192.168.1.153', 17436, '212.64.65.187', 3478, 17]",912,0,12,"['90:76:9f:50:27:d9', '90:76:9f:88:5e:a3']",337485534495236736474490419536419622134,3478,0,0,0,0,1,1,0,1,1,0,0,1,0,1,1,0,1
159421,0,"['192.168.1.148', 51605, '180.97.123.223', 6002, 17]",2065,0,10,"['68:6d:bc:a9:7d:7c', '90:76:9f:88:5e:a3']",438471317462707207751625611326548194818,6002,0,0,0,1,0,1,1,1,0,1,1,1,0,0,1,0,1
5594,0,"['192.168.1.166', 35210, '118.26.252.214', 8053, 17]",892,0,5,"['54:ef:44:cd:42:95', '90:76:9f:88:5e:a3']",385372050532012179505260243373836167152,8053,0,0,0,1,1,1,1,1,0,1,1,1,0,1,0,1,1
22463,0,"['118.26.252.214', 8053, '192.168.1.166', 35210, 17]",948,0,3,"['90:76:9f:88:5e:a3', '54:ef:44:cd:42:95']",385372050532012179505260243373836167152,8053,0,0,0,1,1,1,1,1,0,1,1,1,0,1,0,1,1
24612,0,"['118.26.252.214', 8053, '192.168.1.166', 35210, 17]",948,0,3,"['90:76:9f:88:5e:a3', '54:ef:44:cd:42:95']",385372050532012179505260243373836167152,8053,0,0,0,1,1,1,1,1,0,1,1,1,0,1,0,1,1
175133,0,"['192.168.1.148', 34625, '180.97.123.223', 6002, 17]",2065,0,10,"['68:6d:bc:a9:7d:7c', '90:76:9f:88:5e:a3']",509312983206175981214336101704209892440,6002,0,0,0,1,0,1,1,1,0,1,1,1,0,0,1,0,1
159086,0,"['192.168.1.148', 47610, '180.97.123.223', 6002, 17]",2065,0,10,"['68:6d:bc:a9:7d:7c', '90:76:9f:88:5e:a3']",550364268655710392659191739426871654228,6002,0,0,0,1,0,1,1,1,0,1,1,1,0,0,1,0,1
205714,0,"['192.168.1.153', 26849, '118.25.112.63', 3478, 17]",760,0,10,"['90:76:9f:50:27:d9', '90:76:9f:88:5e:a3']",327750298248220322043563410636717713488,3478,0,0,0,0,1,1,0,1,1,0,0,1,0,1,1,0,1
174600,0,"['192.168.1.148', 47568, '180.97.123.223', 6002, 17]",2065,0,10,"['68:6d:bc:a9:7d:7c', '90:76:9f:88:5e:a3']",607241112916841750820865960837892113367,6002,0,0,0,1,0,1,1,1,0,1,1,1,0,0,1,0,1
12981,0,"['118.26.252.214', 8053, '192.168.1.166', 35210, 17]",804,0,7,"['90:76:9f:88:5e:a3', '54:ef:44:cd:42:95']",385372050532012179505260243373836167152,8053,0,0,0,1,1,1,1,1,0,1,1,1,0,1,0,1,1
164600,0,"['192.168.1.148', 33262, '180.97.123.223', 6002, 17]",2065,0,10,"['68:6d:bc:a9:7d:7c', '90:76:9f:88:5e:a3']",616729398596431842851485630487174593162,6002,0,0,0,1,0,1,1,1,0,1,1,1,0,0,1,0,1
82922,0,"['192.168.1.199', 61353, '192.168.1.1', 53, 17]",704,0,8,"['b0:f8:93:42:22:bf', '90:76:9f:88:5e:a3']",242469838119265031751529545578808034693,53,0,0,0,0,0,0,0,0,0,0,1,1,0,1,0,1,1
174773,0,"['192.168.1.148', 34455, '180.97.123.223', 6002, 17]",2065,0,10,"['68:6d:bc:a9:7d:7c', '90:76:9f:88:5e:a3']",627769579296654052156155860428958007456,6002,0,0,0,1,0,1,1,1,0,1,1,1,0,0,1,0,1
212644,0,"['192.168.1.153', 23681, '212.64.65.187', 3478, 17]",760,0,10,"['90:76:9f:50:27:d9', '90:76:9f:88:5e:a3']",429014484961859849961476704234851015809,3478,0,0,0,0,1,1,0,1,1,0,0,1,0,1,1,0,1
23647,0,"['118.26.252.214', 8053, '192.168.1.166', 35210, 17]",804,0,7,"['90:76:9f:88:5e:a3', '54:ef:44:cd:42:95']",385372050532012179505260243373836167152,8053,0,0,0,1,1,1,1,1,0,1,1,1,0,1,0,1,1
169654,0,"['192.168.1.148', 40052, '180.97.123.223', 6002, 17]",2065,0,10,"['68:6d:bc:a9:7d:7c', '90:76:9f:88:5e:a3']",452144203321439399943675511298783473054,6002,0,0,0,1,0,1,1,1,0,1,1,1,0,0,1,0,1
169666,0,"['192.168.1.148', 45642, '180.97.123.223', 6002, 17]",2065,0,10,"['68:6d:bc:a9:7d:7c', '90:76:9f:88:5e:a3']",499343296999976949705720157488314227062,6002,0,0,0,1,0,1,1,1,0,1,1,1,0,0,1,0,1
212692,0,"['192.168.1.153', 21193, '212.64.65.187', 3478, 17]",760,0,10,"['90:76:9f:50:27:d9', '90:76:9f:88:5e:a3']",471159374994920059161126471504222138594,3478,0,0,0,0,1,1,0,1,1,0,0,1,0,1,1,0,1
5232,0,"['118.26.252.214', 8053, '192.168.1.166', 35210, 17]",948,0,7,"['90:76:9f:88:5e:a3', '54:ef:44:cd:42:95']",385372050532012179505260243373836167152,8053,0,0,0,1,1,1,1,1,0,1,1,1,0,1,0,1,1
169430,0,"['192.168.1.148', 39990, '180.97.123.223', 6002, 17]",2065,0,10,"['68:6d:bc:a9:7d:7c', '90:76:9f:88:5e:a3']",472115657974940549350251739609233505176,6002,0,0,0,1,0,1,1,1,0,1,1,1,0,0,1,0,1
8902,0,"['118.26.252.214', 8053, '192.168.1.166', 35210, 17]",804,0,7,"['90:76:9f:88:5e:a3', '54:ef:44:cd:42:95']",385372050532012179505260243373836167152,8053,0,0,0,1,1,1,1,1,0,1,1,1,0,1,0,1,1
11073,0,"['118.26.252.214', 8053, '192.168.1.166', 35210, 17]",804,0,7,"['90:76:9f:88:5e:a3', '54:ef:44:cd:42:95']",385372050532012179505260243373836167152,8053,0,0,0,1,1,1,1,1,0,1,1,1,0,1,0,1,1
213049,0,"['192.168.1.153', 21114, '212.64.65.187', 3478, 17]",760,0,10,"['90:76:9f:50:27:d9', '90:76:9f:88:5e:a3']",280240528687869494331385577222717152317,3478,0,0,0,0,1,1,0,1,1,0,0,1,0,1,1,0,1
9032,0,"['118.26.252.214', 8053, '192.168.1.166', 35210, 17]",916,0,7,"['90:76:9f:88:5e:a3', '54:ef:44:cd:42:95']",385372050532012179505260243373836167152,8053,0,0,0,1,1,1,1,1,0,1,1,1,0,1,0,1,1
169419,0,"['192.168.1.148', 52531, '180.97.123.223', 6002, 17]",2065,0,10,"['68:6d:bc:a9:7d:7c', '90:76:9f:88:5e:a3']",614684211730148633243956766800668379259,6002,0,0,0,1,0,1,1,1,0,1,1,1,0,0,1,0,1
174683,0,"['192.168.1.148', 43330, '180.97.123.223', 6002, 17]",2065,0,10,"['68:6d:bc:a9:7d:7c', '90:76:9f:88:5e:a3']",547483877579405577139159809505020111385,6002,0,0,0,1,0,1,1,1,0,1,1,1,0,0,1,0,1
9501,0,"['118.26.252.214', 8053, '192.168.1.166', 35210, 17]",804,0,7,"['90:76:9f:88:5e:a3', '54:ef:44:cd:42:95']",385372050532012179505260243373836167152,8053,0,0,0,1,1,1,1,1,0,1,1,1,0,1,0,1,1
213137,0,"['192.168.1.153', 32366, '212.64.65.187', 3478, 17]",760,0,10,"['90:76:9f:50:27:d9', '90:76:9f:88:5e:a3']",400665614205013546936187330598485922163,3478,0,0,0,0,1,1,0,1,1,0,0,1,0,1,1,0,1
174640,0,"['192.168.1.148', 36666, '180.97.123.223', 6002, 17]",2065,0,10,"['68:6d:bc:a9:7d:7c', '90:76:9f:88:5e:a3']",372071951243123249745969349728804559130,6002,0,0,0,1,0,1,1,1,0,1,1,1,0,0,1,0,1
174577,0,"['192.168.1.148', 49406, '180.97.123.223', 6002, 17]",2065,0,10,"['68:6d:bc:a9:7d:7c', '90:76:9f:88:5e:a3']",444454984163521399122843531662866400478,6002,0,0,0,1,0,1,1,1,0,1,1,1,0,0,1,0,1
169673,0,"['192.168.1.148', 59394, '180.97.123.223', 6002, 17]",2065,0,10,"['68:6d:bc:a9:7d:7c', '90:76:9f:88:5e:a3']",537816428442006160853540806385563188095,6002,0,0,0,1,0,1,1,1,0,1,1,1,0,0,1,0,1
164074,0,"['192.168.1.148', 40430, '180.97.123.223', 6002, 17]",2065,0,10,"['68:6d:bc:a9:7d:7c', '90:76:9f:88:5e:a3']",647760217074128105071824494696038745241,6002,0,0,0,1,0,1,1,1,0,1,1,1,0,0,1,0,1
169890,0,"['192.168.1.148', 42067, '180.97.123.223', 6002, 17]",2065,0,10,"['68:6d:bc:a9:7d:7c', '90:76:9f:88:5e:a3']",438307490592511959366964193030357276529,6002,0,0,0,1,0,1,1,1,0,1,1,1,0,0,1,0,1
174742,0,"['192.168.1.148', 43766, '180.97.123.223', 6002, 17]",2065,0,10,"['68:6d:bc:a9:7d:7c', '90:76:9f:88:5e:a3']",437512602131587766793775955079286252754,6002,0,0,0,1,0,1,1,1,0,1,1,1,0,0,1,0,1
169789,0,"['192.168.1.148', 48403, '180.97.123.223', 6002, 17]",2065,0,10,"['68:6d:bc:a9:7d:7c', '90:76:9f:88:5e:a3']",396925855784315963096685700152283313571,6002,0,0,0,1,0,1,1,1,0,1,1,1,0,0,1,0,1
1633,0,"['118.26.252.214', 8053, '192.168.1.166', 35210, 17]",948,0,3,"['90:76:9f:88:5e:a3', '54:ef:44:cd:42:95']",385372050532012179505260243373836167152,8053,0,0,0,1,1,1,1,1,0,1,1,1,0,1,0,1,1
175138,0,"['192.168.1.148', 37710, '180.97.123.223', 6002, 17]",2065,0,10,"['68:6d:bc:a9:7d:7c', '90:76:9f:88:5e:a3']",368334254966762560539970993448074946059,6002,0,0,0,1,0,1,1,1,0,1,1,1,0,0,1,0,1
158905,0,"['192.168.1.148', 52814, '180.97.123.223', 6002, 17]",2065,0,10,"['68:6d:bc:a9:7d:7c', '90:76:9f:88:5e:a3']",547141532367779475151744658483085462578,6002,0,0,0,1,0,1,1,1,0,1,1,1,0,0,1,0,1
5029,0,"['118.26.252.214', 8053, '192.168.1.166', 35210, 17]",804,0,7,"['90:76:9f:88:5e:a3', '54:ef:44:cd:42:95']",385372050532012179505260243373836167152,8053,0,0,0,1,1,1,1,1,0,1,1,1,0,1,0,1,1
134364,0,"['192.168.1.199', 4737, '192.168.1.1', 53, 17]",704,0,8,"['b0:f8:93:42:22:bf', '90:76:9f:88:5e:a3']",368438373711960763305388681491218446911,53,0,0,0,0,0,0,0,0,0,0,1,1,0,1,0,1,1
9077,0,"['118.26.252.214', 8053, '192.168.1.166', 35210, 17]",804,0,7,"['90:76:9f:88:5e:a3', '54:ef:44:cd:42:95']",385372050532012179505260243373836167152,8053,0,0,0,1,1,1,1,1,0,1,1,1,0,1,0,1,1
159034,0,"['192.168.1.148', 34634, '180.97.123.223', 6002, 17]",2065,0,10,"['68:6d:bc:a9:7d:7c', '90:76:9f:88:5e:a3']",404995966306740086383026436979358273297,6002,0,0,0,1,0,1,1,1,0,1,1,1,0,0,1,0,1
1606,0,"['192.168.1.166', 35210, '118.26.252.214', 8053, 17]",892,0,5,"['54:ef:44:cd:42:95', '90:76:9f:88:5e:a3']",385372050532012179505260243373836167152,8053,0,0,0,1,1,1,1,1,0,1,1,1,0,1,0,1,1
134367,0,"['192.168.1.199', 4761, '192.168.1.1', 53, 17]",704,0,8,"['b0:f8:93:42:22:bf', '90:76:9f:88:5e:a3']",234592091993426737201341156400011571099,53,0,0,0,0,0,0,0,0,0,0,1,1,0,1,0,1,1
164069,0,"['192.168.1.148', 53219, '180.97.123.223', 6002, 17]",2065,0,10,"['68:6d:bc:a9:7d:7c', '90:76:9f:88:5e:a3']",455184096385662489262755744823526711205,6002,0,0,0,1,0,1,1,1,0,1,1,1,0,0,1,0,1
164101,0,"['192.168.1.148', 46039, '180.97.123.223', 6002, 17]",2065,0,10,"['68:6d:bc:a9:7d:7c', '90:76:9f:88:5e:a3']",362894574804583360662717917003096972302,6002,0,0,0,1,0,1,1,1,0,1,1,1,0,0,1,0,1
159347,0,"['192.168.1.148', 48182, '180.97.123.223', 6002, 17]",2065,0,10,"['68:6d:bc:a9:7d:7c', '90:76:9f:88:5e:a3']",488460950630582481790402569791482500995,6002,0,0,0,1,0,1,1,1,0,1,1,1,0,0,1,0,1
14028,0,"['118.26.252.214', 8053, '192.168.1.166', 35210, 17]",932,0,3,"['90:76:9f:88:5e:a3', '54:ef:44:cd:42:95']",385372050532012179505260243373836167152,8053,0,0,0,1,1,1,1,1,0,1,1,1,0,1,0,1,1
151887,0,"['192.168.1.109', 5353, '224.0.0.251', 5353, 17]",2159,0,9,"['54:ef:44:cd:f4:5d', '01:00:5e:00:00:fb']",271859567480451336615226599724279344811,5353,0,0,0,1,0,1,0,0,1,1,1,0,1,0,0,1,1
164378,0,"['192.168.1.148', 46652, '180.97.123.223', 6002, 17]",2065,0,10,"['68:6d:bc:a9:7d:7c', '90:76:9f:88:5e:a3']",332938057465329314621258058666619810674,6002,0,0,0,1,0,1,1,1,0,1,1,1,0,0,1,0,1
11173,0,"['118.26.252.214', 8053, '192.168.1.166', 35210, 17]",804,0,7,"['90:76:9f:88:5e:a3', '54:ef:44:cd:42:95']",385372050532012179505260243373836167152,8053,0,0,0,1,1,1,1,1,0,1,1,1,0,1,0,1,1
164634,0,"['192.168.1.148', 34033, '180.97.123.223', 6002, 17]",2065,0,10,"['68:6d:bc:a9:7d:7c', '90:76:9f:88:5e:a3']",520745010916871197960812962654137073382,6002,0,0,0,1,0,1,1,1,0,1,1,1,0,0,1,0,1
174908,0,"['192.168.1.148', 51843, '180.97.123.223', 6002, 17]",2065,0,10,"['68:6d:bc:a9:7d:7c', '90:76:9f:88:5e:a3']",383100870841747887074183141614578334295,6002,0,0,0,1,0,1,1,1,0,1,1,1,0,0,1,0,1
206192,0,"['192.168.1.153', 21573, '118.25.112.63', 3478, 17]",760,0,10,"['90:76:9f:50:27:d9', '90:76:9f:88:5e:a3']",363682121330274798553250092840450040756,3478,0,0,0,0,1,1,0,1,1,0,0,1,0,1,1,0,1
159269,0,"['192.168.1.148', 50257, '180.97.123.223', 6002, 17]",2065,0,10,"['68:6d:bc:a9:7d:7c', '90:76:9f:88:5e:a3']",652157457444897248375333893493180346045,6002,0,0,0,1,0,1,1,1,0,1,1,1,0,0,1,0,1
219437,0,"['192.168.1.153', 31341, '118.25.112.63', 3478, 17]",760,0,10,"['90:76:9f:50:27:d9', '90:76:9f:88:5e:a3']",263189082096843181270291185494842511009,3478,0,0,0,0,1,1,0,1,1,0,0,1,0,1,1,0,1
219033,0,"['192.168.1.153', 30267, '118.25.112.63', 3478, 17]",760,0,10,"['90:76:9f:50:27:d9', '90:76:9f:88:5e:a3']",238026577350537542053126110677162194239,3478,0,0,0,0,1,1,0,1,1,0,0,1,0,1,1,0,1
158819,0,"['192.168.1.148', 37139, '180.97.123.223', 6002, 17]",2065,0,10,"['68:6d:bc:a9:7d:7c', '90:76:9f:88:5e:a3']",383290565746690362685528312263665158559,6002,0,0,0,1,0,1,1,1,0,1,1,1,0,0,1,0,1
21602,0,"['118.26.252.214', 8053, '192.168.1.166', 35210, 17]",948,0,3,"['90:76:9f:88:5e:a3', '54:ef:44:cd:42:95']",385372050532012179505260243373836167152,8053,0,0,0,1,1,1,1,1,0,1,1,1,0,1,0,1,1
212760,0,"['192.168.1.153', 30966, '212.64.65.187', 3478, 17]",760,0,10,"['90:76:9f:50:27:d9', '90:76:9f:88:5e:a3']",460731949890532615361158359622241879350,3478,0,0,0,0,1,1,0,1,1,0,0,1,0,1,1,0,1
169768,0,"['192.168.1.148', 55991, '180.97.123.223', 6002, 17]",2065,0,10,"['68:6d:bc:a9:7d:7c', '90:76:9f:88:5e:a3']",546447954409101953707380664603787039184,6002,0,0,0,1,0,1,1,1,0,1,1,1,0,0,1,0,1
214333,0,"['192.168.1.153', 18175, '118.25.112.63', 3478, 17]",760,0,10,"['90:76:9f:50:27:d9', '90:76:9f:88:5e:a3']",147051531869770286785977335178215053591,3478,0,0,0,0,1,1,0,1,1,0,0,1,0,1,1,0,1
164353,0,"['192.168.1.148', 40688, '180.97.123.223', 6002, 17]",2065,0,10,"['68:6d:bc:a9:7d:7c', '90:76:9f:88:5e:a3']",537909292447990936503282137649821257772,6002,0,0,0,1,0,1,1,1,0,1,1,1,0,0,1,0,1
219832,0,"['192.168.1.153', 32172, '118.25.112.63', 3478, 17]",912,0,12,"['90:76:9f:50:27:d9', '90:76:9f:88:5e:a3']",179163929149240326330279201617376223879,3478,0,0,0,0,1,1,0,1,1,0,0,1,0,1,1,0,1
164339,0,"['192.168.1.148', 59753, '180.97.123.223', 6002, 17]",2065,0,10,"['68:6d:bc:a9:7d:7c', '90:76:9f:88:5e:a3']",518947162263438882342758536815306016642,6002,0,0,0,1,0,1,1,1,0,1,1,1,0,0,1,0,1
159215,0,"['192.168.1.148', 51798, '180.97.123.223', 6002, 17]",2065,0,10,"['68:6d:bc:a9:7d:7c', '90:76:9f:88:5e:a3']",564248411424890523103398198294732741382,6002,0,0,0,1,0,1,1,1,0,1,1,1,0,0,1,0,1
26500,0,"['192.168.1.166', 35210, '118.26.252.214', 8053, 17]",892,0,5,"['54:ef:44:cd:42:95', '90:76:9f:88:5e:a3']",385372050532012179505260243373836167152,8053,0,0,0,1,1,1,1,1,0,1,1,1,0,1,0,1,1
207232,0,"['192.168.1.153', 18297, '118.25.112.63', 3478, 17]",784,0,14,"['90:76:9f:50:27:d9', '90:76:9f:88:5e:a3']",131262930749096292849407072812139715537,3478,0,0,0,0,1,1,0,1,1,0,0,1,0,1,1,0,1
214066,0,"['192.168.1.153', 32536, '118.25.112.63', 3478, 17]",784,0,14,"['90:76:9f:50:27:d9', '90:76:9f:88:5e:a3']",354629270353555787046661028137707662682,3478,0,0,0,0,1,1,0,1,1,0,0,1,0,1,1,0,1
169716,0,"['192.168.1.148', 44084, '180.97.123.223', 6002, 17]",2065,0,10,"['68:6d:bc:a9:7d:7c', '90:76:9f:88:5e:a3']",493011155480512150883208189781837819674,6002,0,0,0,1,0,1,1,1,0,1,1,1,0,0,1,0,1
207270,0,"['192.168.1.153', 19442, '118.25.112.63', 3478, 17]",760,0,10,"['90:76:9f:50:27:d9', '90:76:9f:88:5e:a3']",119205663316980306191809051314624360405,3478,0,0,0,0,1,1,0,1,1,0,0,1,0,1,1,0,1
14876,0,"['192.168.1.166', 35210, '118.26.252.214', 8053, 17]",892,0,5,"['54:ef:44:cd:42:95', '90:76:9f:88:5e:a3']",385372050532012179505260243373836167152,8053,0,0,0,1,1,1,1,1,0,1,1,1,0,1,0,1,1
221033,0,"['192.168.1.153', 29357, '111.231.83.208', 3478, 17]",760,0,10,"['90:76:9f:50:27:d9', '90:76:9f:88:5e:a3']",516554309457836992358581459864962073259,3478,0,0,0,0,1,1,0,1,1,0,0,1,0,1,1,0,1
164185,0,"['192.168.1.148', 34303, '180.97.123.223', 6002, 17]",2065,0,10,"['68:6d:bc:a9:7d:7c', '90:76:9f:88:5e:a3']",517940364714476926787189875212370615003,6002,0,0,0,1,0,1,1,1,0,1,1,1,0,0,1,0,1
164439,0,"['192.168.1.148', 39909, '180.97.123.223', 6002, 17]",2065,0,10,"['68:6d:bc:a9:7d:7c', '90:76:9f:88:5e:a3']",338880076464713836858468703099871627171,6002,0,0,0,1,0,1,1,1,0,1,1,1,0,0,1,0,1
62277,0,"['192.168.1.199', 61036, '192.168.1.1', 53, 17]",880,0,10,"['b0:f8:93:42:22:bf', '90:76:9f:88:5e:a3']",148411724532762501765215168993849499451,53,0,0,0,0,0,0,0,0,0,0,1,1,0,1,0,1,1
169423,0,"['192.168.1.148', 49404, '180.97.123.223', 6002, 17]",2065,0,10,"['68:6d:bc:a9:7d:7c', '90:76:9f:88:5e:a3']",354699830059073136183580382557936983278,6002,0,0,0,1,0,1,1,1,0,1,1,1,0,0,1,0,1
169698,0,"['192.168.1.148', 33900, '180.97.123.223', 6002, 17]",2065,0,10,"['68:6d:bc:a9:7d:7c', '90:76:9f:88:5e:a3']",569528780671910918861511827323891109115,6002,0,0,0,1,0,1,1,1,0,1,1,1,0,0,1,0,1
159374,0,"['192.168.1.148', 38044, '180.97.123.223', 6002, 17]",2065,0,10,"['68:6d:bc:a9:7d:7c', '90:76:9f:88:5e:a3']",551870146093067058740882219769836259435,6002,0,0,0,1,0,1,1,1,0,1,1,1,0,0,1,0,1
82949,0,"['192.168.1.199', 60448, '192.168.1.1', 53, 17]",704,0,8,"['b0:f8:93:42:22:bf', '90:76:9f:88:5e:a3']",246016958780530480774694295027034890033,53,0,0,0,0,0,0,0,0,0,0,1,1,0,1,0,1,1
169820,0,"['192.168.1.148', 44010, '180.97.123.223', 6002, 17]",2065,0,10,"['68:6d:bc:a9:7d:7c', '90:76:9f:88:5e:a3']",447590298587532340729056667408176671380,6002,0,0,0,1,0,1,1,1,0,1,1,1,0,0,1,0,1
158922,0,"['192.168.1.148', 47565, '180.97.123.223', 6002, 17]",2065,0,10,"['68:6d:bc:a9:7d:7c', '90:76:9f:88:5e:a3']",641944477317644272240641377974510553011,6002,0,0,0,1,0,1,1,1,0,1,1,1,0,0,1,0,1
164107,0,"['192.168.1.148', 51236, '180.97.123.223', 6002, 17]",2065,0,10,"['68:6d:bc:a9:7d:7c', '90:76:9f:88:5e:a3']",587895708376703498228612627529814748630,6002,0,0,0,1,0,1,1,1,0,1,1,1,0,0,1,0,1
158990,0,"['192.168.1.148', 34986, '180.97.123.223', 6002, 17]",2065,0,10,"['68:6d:bc:a9:7d:7c', '90:76:9f:88:5e:a3']",642602339140009444086448065520391637104,6002,0,0,0,1,0,1,1,1,0,1,1,1,0,0,1,0,1
169843,0,"['192.168.1.148', 38837, '180.97.123.223', 6002, 17]",2065,0,10,"['68:6d:bc:a9:7d:7c', '90:76:9f:88:5e:a3']",586296699680035081223503670079367862649,6002,0,0,0,1,0,1,1,1,0,1,1,1,0,0,1,0,1
219764,0,"['192.168.1.153', 26502, '118.25.112.63', 3478, 17]",760,0,10,"['90:76:9f:50:27:d9', '90:76:9f:88:5e:a3']",325845518937603742307638750748516639368,3478,0,0,0,0,1,1,0,1,1,0,0,1,0,1,1,0,1
219044,0,"['192.168.1.153', 21275, '118.25.112.63', 3478, 17]",912,0,12,"['90:76:9f:50:27:d9', '90:76:9f:88:5e:a3']",188371431396101307487305234142119491078,3478,0,0,0,0,1,1,0,1,1,0,0,1,0,1,1,0,1
18499,0,"['192.168.1.166', 35210, '118.26.252.214', 8053, 17]",892,0,5,"['54:ef:44:cd:42:95', '90:76:9f:88:5e:a3']",385372050532012179505260243373836167152,8053,0,0,0,1,1,1,1,1,0,1,1,1,0,1,0,1,1
164491,0,"['192.168.1.148', 53677, '180.97.123.223', 6002, 17]",2065,0,10,"['68:6d:bc:a9:7d:7c', '90:76:9f:88:5e:a3']",525695482430905843438691539150658831362,6002,0,0,0,1,0,1,1,1,0,1,1,1,0,0,1,0,1
169467,0,"['192.168.1.148', 38499, '180.97.123.223', 6002, 17]",2065,0,10,"['68:6d:bc:a9:7d:7c', '90:76:9f:88:5e:a3']",591174522984593538760706020251307516603,6002,0,0,0,1,0,1,1,1,0,1,1,1,0,0,1,0,1
13837,0,"['118.26.252.214', 8053, '192.168.1.166', 35210, 17]",948,0,3,"['90:76:9f:88:5e:a3', '54:ef:44:cd:42:95']",385372050532012179505260243373836167152,8053,0,0,0,1,1,1,1,1,0,1,1,1,0,1,0,1,1
219748,0,"['192.168.1.153', 25038, '118.25.112.63', 3478, 17]",760,0,10,"['90:76:9f:50:27:d9', '90:76:9f:88:5e:a3']",174421562365203883930495605782043313416,3478,0,0,0,0,1,1,0,1,1,0,0,1,0,1,1,0,1
159198,0,"['192.168.1.148', 45881, '180.97.123.223', 6002, 17]",2065,0,10,"['68:6d:bc:a9:7d:7c', '90:76:9f:88:5e:a3']",411471351669524160974413092635162663187,6002,0,0,0,1,0,1,1,1,0,1,1,1,0,0,1,0,1
169928,0,"['192.168.1.148', 49702, '180.97.123.223', 6002, 17]",2065,0,10,"['68:6d:bc:a9:7d:7c', '90:76:9f:88:5e:a3']",363331441071601088262790593926789607184,6002,0,0,0,1,0,1,1,1,0,1,1,1,0,0,1,0,1
2964,0,"['192.168.1.166', 35210, '118.26.252.214', 8053, 17]",964,0,7,"['54:ef:44:cd:42:95', '90:76:9f:88:5e:a3']",385372050532012179505260243373836167152,8053,0,0,0,1,1,1,1,1,0,1,1,1,0,1,0,1,1
164193,0,"['192.168.1.148', 47506, '180.97.123.223', 6002, 17]",2065,0,10,"['68:6d:bc:a9:7d:7c', '90:76:9f:88:5e:a3']",410262973669517528292506663811394905245,6002,0,0,0,1,0,1,1,1,0,1,1,1,0,0,1,0,1
159204,0,"['192.168.1.148', 37842, '180.97.123.223', 6002, 17]",2065,0,10,"['68:6d:bc:a9:7d:7c', '90:76:9f:88:5e:a3']",570726253076086778527292492007548387584,6002,0,0,0,1,0,1,1,1,0,1,1,1,0,0,1,0,1
174661,0,"['192.168.1.148', 39586, '180.97.123.223', 6002, 17]",2065,0,10,"['68:6d:bc:a9:7d:7c', '90:76:9f:88:5e:a3']",400780188706987375268867375797767566457,6002,0,0,0,1,0,1,1,1,0,1,1,1,0,0,1,0,1
9455,0,"['118.26.252.214', 8053, '192.168.1.166', 35210, 17]",948,0,7,"['90:76:9f:88:5e:a3', '54:ef:44:cd:42:95']",385372050532012179505260243373836167152,8053,0,0,0,1,1,1,1,1,0,1,1,1,0,1,0,1,1
169436,0,"['192.168.1.148', 57481, '180.97.123.223', 6002, 17]",2065,0,10,"['68:6d:bc:a9:7d:7c', '90:76:9f:88:5e:a3']",438232525647263083442116090457941578307,6002,0,0,0,1,0,1,1,1,0,1,1,1,0,0,1,0,1
159392,0,"['192.168.1.148', 53195, '180.97.123.223', 6002, 17]",2065,0,10,"['68:6d:bc:a9:7d:7c', '90:76:9f:88:5e:a3']",554322556548492057740250118906487303137,6002,0,0,0,1,0,1,1,1,0,1,1,1,0,0,1,0,1
164167,0,"['192.168.1.148', 54838, '180.97.123.223', 6002, 17]",2065,0,10,"['68:6d:bc:a9:7d:7c', '90:76:9f:88:5e:a3']",458105587998010891098472133412983269971,6002,0,0,0,1,0,1,1,1,0,1,1,1,0,0,1,0,1
159246,0,"['192.168.1.148', 44438, '180.97.123.223', 6002, 17]",2065,0,10,"['68:6d:bc:a9:7d:7c', '90:76:9f:88:5e:a3']",341726401866039197071357330886469212170,6002,0,0,0,1,0,1,1,1,0,1,1,1,0,0,1,0,1
10587,0,"['118.26.252.214', 8053, '192.168.1.166', 35210, 17]",948,0,7,"['90:76:9f:88:5e:a3', '54:ef:44:cd:42:95']",385372050532012179505260243373836167152,8053,0,0,0,1,1,1,1,1,0,1,1,1,0,1,0,1,1
220448,0,"['192.168.1.153', 28284, '118.25.112.63', 3478, 17]",760,0,10,"['90:76:9f:50:27:d9', '90:76:9f:88:5e:a3']",178365087313367762358488281736037169293,3478,0,0,0,0,1,1,0,1,1,0,0,1,0,1,1,0,1
14604,0,"['118.26.252.214', 8053, '192.168.1.166', 35210, 17]",932,0,3,"['90:76:9f:88:5e:a3', '54:ef:44:cd:42:95']",385372050532012179505260243373836167152,8053,0,0,0,1,1,1,1,1,0,1,1,1,0,1,0,1,1
169793,0,"['192.168.1.148', 51657, '180.97.123.223', 6002, 17]",2065,0,10,"['68:6d:bc:a9:7d:7c', '90:76:9f:88:5e:a3']",568135848080282413459447414871678741099,6002,0,0,0,1,0,1,1,1,0,1,1,1,0,0,1,0,1
143378,0,"['192.168.1.109', 5353, '224.0.0.251', 5353, 17]",2159,0,9,"['54:ef:44:cd:f4:5d', '01:00:5e:00:00:fb']",271859567480451336615226599724279344811,5353,0,0,0,1,0,1,0,0,1,1,1,0,1,0,0,1,1
16667,0,"['192.168.1.1', 67, '192.168.1.150', 68, 17]",1968,0,6,"['90:76:9f:88:5e:a3', 'dc:bd:7a:c6:b8:ae']",468842588780810758010011567953489833506,67,0,0,0,0,0,0,0,0,0,1,0,0,0,0,1,1,1
148560,0,"['123.59.210.131', 80, '192.168.1.147', 49815, 17]",720,0,5,"['90:76:9f:88:5e:a3', 'b0:59:47:a2:b2:ab']",254869816289267740194704940580318229500,80,0,0,0,0,0,0,0,0,0,1,0,1,0,0,0,0,1
5705,0,"['118.26.252.214', 8053, '192.168.1.166', 35210, 17]",948,0,3,"['90:76:9f:88:5e:a3', '54:ef:44:cd:42:95']",385372050532012179505260243373836167152,8053,0,0,0,1,1,1,1,1,0,1,1,1,0,1,0,1,1
174607,0,"['192.168.1.148', 43146, '180.97.123.223', 6002, 17]",2065,0,10,"['68:6d:bc:a9:7d:7c', '90:76:9f:88:5e:a3']",342925156510062496939988362021918743650,6002,0,0,0,1,0,1,1,1,0,1,1,1,0,0,1,0,1
212581,0,"['192.168.1.153', 28366, '212.64.65.187', 3478, 17]",760,0,10,"['90:76:9f:50:27:d9', '90:76:9f:88:5e:a3']",343572190922742550925604660228193327079,3478,0,0,0,0,1,1,0,1,1,0,0,1,0,1,1,0,1
174827,0,"['192.168.1.148', 51523, '180.97.123.223', 6002, 17]",2065,0,10,"['68:6d:bc:a9:7d:7c', '90:76:9f:88:5e:a3']",363333570430398921477707690080547345250,6002,0,0,0,1,0,1,1,1,0,1,1,1,0,0,1,0,1
7820,0,"['118.26.252.214', 8053, '192.168.1.166', 35210, 17]",948,0,3,"['90:76:9f:88:5e:a3', '54:ef:44:cd:42:95']",385372050532012179505260243373836167152,8053,0,0,0,1,1,1,1,1,0,1,1,1,0,1,0,1,1
174781,0,"['192.168.1.148', 37557, '180.97.123.223', 6002, 17]",2065,0,10,"['68:6d:bc:a9:7d:7c', '90:76:9f:88:5e:a3']",621376992560561633113857415666552898558,6002,0,0,0,1,0,1,1,1,0,1,1,1,0,0,1,0,1
161052,0,"['192.168.1.109', 5353, '224.0.0.251', 5353, 17]",2067,0,8,"['54:ef:44:cd:f4:5d', '01:00:5e:00:00:fb']",271859567480451336615226599724279344811,5353,0,0,0,1,0,1,0,0,1,1,1,0,1,0,0,1,1
220014,0,"['192.168.1.153', 27348, '118.25.112.63', 3478, 17]",760,0,10,"['90:76:9f:50:27:d9', '90:76:9f:88:5e:a3']",207317656989968650404839362163905436540,3478,0,0,0,0,1,1,0,1,1,0,0,1,0,1,1,0,1
206135,0,"['192.168.1.153', 23568, '118.25.112.63', 3478, 17]",760,0,10,"['90:76:9f:50:27:d9', '90:76:9f:88:5e:a3']",193262649387145816750712447514643307311,3478,0,0,0,0,1,1,0,1,1,0,0,1,0,1,1,0,1
174638,0,"['192.168.1.148', 51290, '180.97.123.223', 6002, 17]",2065,0,10,"['68:6d:bc:a9:7d:7c', '90:76:9f:88:5e:a3']",434653920628367684956025120891968267109,6002,0,0,0,1,0,1,1,1,0,1,1,1,0,0,1,0,1
174750,0,"['192.168.1.148', 42164, '180.97.123.223', 6002, 17]",2065,0,10,"['68:6d:bc:a9:7d:7c', '90:76:9f:88:5e:a3']",631379504167210377710344990544189620958,6002,0,0,0,1,0,1,1,1,0,1,1,1,0,0,1,0,1
61767,0,"['192.168.1.199', 61054, '192.168.1.1', 53, 17]",704,0,8,"['b0:f8:93:42:22:bf', '90:76:9f:88:5e:a3']",368002370977210497560584806469561559068,53,0,0,0,0,0,0,0,0,0,0,1,1,0,1,0,1,1
174740,0,"['192.168.1.148', 45243, '180.97.123.223', 6002, 17]",2065,0,10,"['68:6d:bc:a9:7d:7c', '90:76:9f:88:5e:a3']",465497612039358245786023262010801471085,6002,0,0,0,1,0,1,1,1,0,1,1,1,0,0,1,0,1
159324,0,"['192.168.1.148', 56411, '180.97.123.223', 6002, 17]",2065,0,10,"['68:6d:bc:a9:7d:7c', '90:76:9f:88:5e:a3']",611632297699688222011405124725558026912,6002,0,0,0,1,0,1,1,1,0,1,1,1,0,0,1,0,1
14110,0,"['192.168.1.166', 35210, '118.26.252.214', 8053, 17]",892,0,5,"['54:ef:44:cd:42:95', '90:76:9f:88:5e:a3']",385372050532012179505260243373836167152,8053,0,0,0,1,1,1,1,1,0,1,1,1,0,1,0,1,1
159059,0,"['192.168.1.148', 46448, '180.97.123.223', 6002, 17]",2065,0,10,"['68:6d:bc:a9:7d:7c', '90:76:9f:88:5e:a3']",400437401506494175948792831577343334037,6002,0,0,0,1,0,1,1,1,0,1,1,1,0,0,1,0,1
169741,0,"['192.168.1.148', 56391, '180.97.123.223', 6002, 17]",2065,0,10,"['68:6d:bc:a9:7d:7c', '90:76:9f:88:5e:a3']",545759619652617393114142976108562918735,6002,0,0,0,1,0,1,1,1,0,1,1,1,0,0,1,0,1
4582,0,"['118.26.252.214', 8053, '192.168.1.166', 35210, 17]",804,0,7,"['90:76:9f:88:5e:a3', '54:ef:44:cd:42:95']",385372050532012179505260243373836167152,8053,0,0,0,1,1,1,1,1,0,1,1,1,0,1,0,1,1
6268,0,"['192.168.1.166', 35210, '118.26.252.214', 8053, 17]",892,0,5,"['54:ef:44:cd:42:95', '90:76:9f:88:5e:a3']",385372050532012179505260243373836167152,8053,0,0,0,1,1,1,1,1,0,1,1,1,0,1,0,1,1
206024,0,"['192.168.1.153', 24968, '118.25.112.63', 3478, 17]",760,0,10,"['90:76:9f:50:27:d9', '90:76:9f:88:5e:a3']",112601489125483140643411313069771590540,3478,0,0,0,0,1,1,0,1,1,0,0,1,0,1,1,0,1
158827,0,"['192.168.1.148', 39524, '180.97.123.223', 6002, 17]",2065,0,10,"['68:6d:bc:a9:7d:7c', '90:76:9f:88:5e:a3']",328056413408138608374595653654970912092,6002,0,0,0,1,0,1,1,1,0,1,1,1,0,0,1,0,1
169886,0,"['192.168.1.148', 55990, '180.97.123.223', 6002, 17]",2065,0,10,"['68:6d:bc:a9:7d:7c', '90:76:9f:88:5e:a3']",391462033261741165380138805176697701355,6002,0,0,0,1,0,1,1,1,0,1,1,1,0,0,1,0,1
169471,0,"['192.168.1.148', 38150, '180.97.123.223', 6002, 17]",2065,0,10,"['68:6d:bc:a9:7d:7c', '90:76:9f:88:5e:a3']",355069903926419162352389573049333334477,6002,0,0,0,1,0,1,1,1,0,1,1,1,0,0,1,0,1
164155,0,"['192.168.1.148', 58051, '180.97.123.223', 6002, 17]",2065,0,10,"['68:6d:bc:a9:7d:7c', '90:76:9f:88:5e:a3']",656679182311939356540893897745373861960,6002,0,0,0,1,0,1,1,1,0,1,1,1,0,0,1,0,1
213099,0,"['192.168.1.153', 23101, '212.64.65.187', 3478, 17]",760,0,10,"['90:76:9f:50:27:d9', '90:76:9f:88:5e:a3']",487386542578503408041431852187292419283,3478,0,0,0,0,1,1,0,1,1,0,0,1,0,1,1,0,1
169592,0,"['192.168.1.148', 35995, '180.97.123.223', 6002, 17]",2065,0,10,"['68:6d:bc:a9:7d:7c', '90:76:9f:88:5e:a3']",536808116522373024383851151588220403553,6002,0,0,0,1,0,1,1,1,0,1,1,1,0,0,1,0,1
134358,0,"['192.168.1.199', 4662, '192.168.1.1', 53, 17]",704,0,8,"['b0:f8:93:42:22:bf', '90:76:9f:88:5e:a3']",132498455364581312315635151760313129793,53,0,0,0,0,0,0,0,0,0,0,1,1,0,1,0,1,1
107338,0,"['192.168.1.199', 57419, '192.168.1.1', 53, 17]",704,0,8,"['b0:f8:93:42:22:bf', '90:76:9f:88:5e:a3']",187086739825603683905159373700286243804,53,0,0,0,0,0,0,0,0,0,0,1,1,0,1,0,1,1
11501,0,"['118.26.252.214', 8053, '192.168.1.166', 35210, 17]",884,0,7,"['90:76:9f:88:5e:a3', '54:ef:44:cd:42:95']",385372050532012179505260243373836167152,8053,0,0,0,1,1,1,1,1,0,1,1,1,0,1,0,1,1
219416,0,"['192.168.1.153', 25915, '118.25.112.63', 3478, 17]",760,0,10,"['90:76:9f:50:27:d9', '90:76:9f:88:5e:a3']",226919471971789026373055205095937176166,3478,0,0,0,0,1,1,0,1,1,0,0,1,0,1,1,0,1
13934,0,"['118.26.252.214', 8053, '192.168.1.166', 35210, 17]",948,0,3,"['90:76:9f:88:5e:a3', '54:ef:44:cd:42:95']",385372050532012179505260243373836167152,8053,0,0,0,1,1,1,1,1,0,1,1,1,0,1,0,1,1
82940,0,"['192.168.1.199', 60363, '192.168.1.1', 53, 17]",704,0,8,"['b0:f8:93:42:22:bf', '90:76:9f:88:5e:a3']",95764179354533422665506194862674707782,53,0,0,0,0,0,0,0,0,0,0,1,1,0,1,0,1,1
174785,0,"['192.168.1.148', 41742, '180.97.123.223', 6002, 17]",2065,0,10,"['68:6d:bc:a9:7d:7c', '90:76:9f:88:5e:a3']",412958941722976427966121402828147273164,6002,0,0,0,1,0,1,1,1,0,1,1,1,0,0,1,0,1
174713,0,"['192.168.1.148', 42326, '180.97.123.223', 6002, 17]",2065,0,10,"['68:6d:bc:a9:7d:7c', '90:76:9f:88:5e:a3']",413319304968257209853397791447625238352,6002,0,0,0,1,0,1,1,1,0,1,1,1,0,0,1,0,1
1011,0,"['192.168.1.166', 35210, '118.26.252.214', 8053, 17]",892,0,5,"['54:ef:44:cd:42:95', '90:76:9f:88:5e:a3']",385372050532012179505260243373836167152,8053,0,0,0,1,1,1,1,1,0,1,1,1,0,1,0,1,1
15568,0,"['118.26.252.214', 8053, '192.168.1.166', 35210, 17]",948,0,3,"['90:76:9f:88:5e:a3', '54:ef:44:cd:42:95']",385372050532012179505260243373836167152,8053,0,0,0,1,1,1,1,1,0,1,1,1,0,1,0,1,1
158843,0,"['192.168.1.148', 49035, '180.97.123.223', 6002, 17]",2065,0,10,"['68:6d:bc:a9:7d:7c', '90:76:9f:88:5e:a3']",560205959286045450661841174211935521668,6002,0,0,0,1,0,1,1,1,0,1,1,1,0,0,1,0,1
7244,0,"['118.26.252.214', 8053, '192.168.1.166', 35210, 17]",948,0,3,"['90:76:9f:88:5e:a3', '54:ef:44:cd:42:95']",385372050532012179505260243373836167152,8053,0,0,0,1,1,1,1,1,0,1,1,1,0,1,0,1,1
159281,0,"['192.168.1.148', 40865, '180.97.123.223', 6002, 17]",2065,0,10,"['68:6d:bc:a9:7d:7c', '90:76:9f:88:5e:a3']",526960783581665053579936476094314864344,6002,0,0,0,1,0,1,1,1,0,1,1,1,0,0,1,0,1
453,0,"['118.26.252.214', 8053, '192.168.1.166', 35210, 17]",948,0,3,"['90:76:9f:88:5e:a3', '54:ef:44:cd:42:95']",385372050532012179505260243373836167152,8053,0,0,0,1,1,1,1,1,0,1,1,1,0,1,0,1,1
61769,0,"['192.168.1.199', 61079, '192.168.1.1', 53, 17]",704,0,8,"['b0:f8:93:42:22:bf', '90:76:9f:88:5e:a3']",379287068996367179646734292159367272077,53,0,0,0,0,0,0,0,0,0,0,1,1,0,1,0,1,1
4820,0,"['118.26.252.214', 8053, '192.168.1.166', 35210, 17]",916,0,7,"['90:76:9f:88:5e:a3', '54:ef:44:cd:42:95']",385372050532012179505260243373836167152,8053,0,0,0,1,1,1,1,1,0,1,1,1,0,1,0,1,1
164347,0,"['192.168.1.148', 40620, '180.97.123.223', 6002, 17]",2065,0,10,"['68:6d:bc:a9:7d:7c', '90:76:9f:88:5e:a3']",634571140358608429553255668493364385624,6002,0,0,0,1,0,1,1,1,0,1,1,1,0,0,1,0,1
169854,0,"['192.168.1.148', 54437, '180.97.123.223', 6002, 17]",2065,0,10,"['68:6d:bc:a9:7d:7c', '90:76:9f:88:5e:a3']",612508988885447640134829369882846748747,6002,0,0,0,1,0,1,1,1,0,1,1,1,0,0,1,0,1
164334,0,"['192.168.1.148', 60624, '180.97.123.223', 6002, 17]",2065,0,10,"['68:6d:bc:a9:7d:7c', '90:76:9f:88:5e:a3']",656882222281423681599131503595617752657,6002,0,0,0,1,0,1,1,1,0,1,1,1,0,0,1,0,1
201332,0,"['192.168.1.153', 17007, '118.25.112.63', 3478, 17]",760,0,10,"['90:76:9f:50:27:d9', '90:76:9f:88:5e:a3']",319361577702418166199569449638635371185,3478,0,0,0,0,1,1,0,1,1,0,0,1,0,1,1,0,1
5491,0,"['118.26.252.214', 8053, '192.168.1.166', 35210, 17]",932,0,3,"['90:76:9f:88:5e:a3', '54:ef:44:cd:42:95']",385372050532012179505260243373836167152,8053,0,0,0,1,1,1,1,1,0,1,1,1,0,1,0,1,1
174719,0,"['192.168.1.148', 56782, '180.97.123.223', 6002, 17]",2065,0,10,"['68:6d:bc:a9:7d:7c', '90:76:9f:88:5e:a3']",544806129666091282244343565068129875004,6002,0,0,0,1,0,1,1,1,0,1,1,1,0,0,1,0,1
6090,0,"['118.26.252.214', 8053, '192.168.1.166', 35210, 17]",932,0,3,"['90:76:9f:88:5e:a3', '54:ef:44:cd:42:95']",385372050532012179505260243373836167152,8053,0,0,0,1,1,1,1,1,0,1,1,1,0,1,0,1,1
17944,0,"['118.26.252.214', 8053, '192.168.1.166', 35210, 17]",948,0,3,"['90:76:9f:88:5e:a3', '54:ef:44:cd:42:95']",385372050532012179505260243373836167152,8053,0,0,0,1,1,1,1,1,0,1,1,1,0,1,0,1,1
206458,0,"['192.168.1.153', 17500, '118.25.112.63', 3478, 17]",784,0,14,"['90:76:9f:50:27:d9', '90:76:9f:88:5e:a3']",297578778718382816402242428387973095065,3478,0,0,0,0,1,1,0,1,1,0,0,1,0,1,1,0,1
26420,0,"['118.26.252.214', 8053, '192.168.1.166', 35210, 17]",948,0,3,"['90:76:9f:88:5e:a3', '54:ef:44:cd:42:95']",385372050532012179505260243373836167152,8053,0,0,0,1,1,1,1,1,0,1,1,1,0,1,0,1,1
159223,0,"['192.168.1.148', 52516, '180.97.123.223', 6002, 17]",2065,0,10,"['68:6d:bc:a9:7d:7c', '90:76:9f:88:5e:a3']",390263993359208888488723561960691714060,6002,0,0,0,1,0,1,1,1,0,1,1,1,0,0,1,0,1
201305,0,"['192.168.1.153', 32242, '118.25.112.63', 3478, 17]",760,0,10,"['90:76:9f:50:27:d9', '90:76:9f:88:5e:a3']",253941319416356744324047047139785504705,3478,0,0,0,0,1,1,0,1,1,0,0,1,0,1,1,0,1
11251,0,"['118.26.252.214', 8053, '192.168.1.166', 35210, 17]",804,0,7,"['90:76:9f:88:5e:a3', '54:ef:44:cd:42:95']",385372050532012179505260243373836167152,8053,0,0,0,1,1,1,1,1,0,1,1,1,0,1,0,1,1
174866,0,"['192.168.1.148', 48677, '180.97.123.223', 6002, 17]",2065,0,10,"['68:6d:bc:a9:7d:7c', '90:76:9f:88:5e:a3']",409399351379471381525461862807996812347,6002,0,0,0,1,0,1,1,1,0,1,1,1,0,0,1,0,1
174696,0,"['192.168.1.148', 60452, '180.97.123.223', 6002, 17]",2065,0,10,"['68:6d:bc:a9:7d:7c', '90:76:9f:88:5e:a3']",650801027946552676585494909149453378368,6002,0,0,0,1,0,1,1,1,0,1,1,1,0,0,1,0,1
169342,0,"['192.168.1.148', 32839, '180.97.123.223', 6002, 17]",2065,0,10,"['68:6d:bc:a9:7d:7c', '90:76:9f:88:5e:a3']",539832662469359892232594460445053467720,6002,0,0,0,1,0,1,1,1,0,1,1,1,0,0,1,0,1
164132,0,"['192.168.1.148', 58013, '180.97.123.223', 6002, 17]",2065,0,10,"['68:6d:bc:a9:7d:7c', '90:76:9f:88:5e:a3']",525134775313948483318013658461647604200,6002,0,0,0,1,0,1,1,1,0,1,1,1,0,0,1,0,1
159211,0,"['192.168.1.148', 51772, '180.97.123.223', 6002, 17]",2065,0,10,"['68:6d:bc:a9:7d:7c', '90:76:9f:88:5e:a3']",353291824859660339553918100875838059474,6002,0,0,0,1,0,1,1,1,0,1,1,1,0,0,1,0,1
159115,0,"['192.168.1.148', 60282, '180.97.123.223', 6002, 17]",2065,0,10,"['68:6d:bc:a9:7d:7c', '90:76:9f:88:5e:a3']",535122737049677468704355425256931297373,6002,0,0,0,1,0,1,1,1,0,1,1,1,0,0,1,0,1
1928,0,"['118.26.252.214', 8053, '192.168.1.166', 35210, 17]",804,0,7,"['90:76:9f:88:5e:a3', '54:ef:44:cd:42:95']",385372050532012179505260243373836167152,8053,0,0,0,1,1,1,1,1,0,1,1,1,0,1,0,1,1
134335,0,"['192.168.1.199', 4953, '192.168.1.1', 53, 17]",704,0,8,"['b0:f8:93:42:22:bf', '90:76:9f:88:5e:a3']",338898442717093717184386002664964970587,53,0,0,0,0,0,0,0,0,0,0,1,1,0,1,0,1,1
3580,0,"['118.26.252.214', 8053, '192.168.1.166', 35210, 17]",916,0,7,"['90:76:9f:88:5e:a3', '54:ef:44:cd:42:95']",385372050532012179505260243373836167152,8053,0,0,0,1,1,1,1,1,0,1,1,1,0,1,0,1,1
169289,0,"['192.168.1.148', 41121, '180.97.123.223', 6002, 17]",2065,0,10,"['68:6d:bc:a9:7d:7c', '90:76:9f:88:5e:a3']",610764629582202471933187213172622810076,6002,0,0,0,1,0,1,1,1,0,1,1,1,0,0,1,0,1
14589,0,"['192.168.1.166', 35210, '118.26.252.214', 8053, 17]",892,0,5,"['54:ef:44:cd:42:95', '90:76:9f:88:5e:a3']",385372050532012179505260243373836167152,8053,0,0,0,1,1,1,1,1,0,1,1,1,0,1,0,1,1
159412,0,"['192.168.1.148', 37418, '180.97.123.223', 6002, 17]",2065,0,10,"['68:6d:bc:a9:7d:7c', '90:76:9f:88:5e:a3']",324663262592322108480517061996921672872,6002,0,0,0,1,0,1,1,1,0,1,1,1,0,0,1,0,1
174995,0,"['192.168.1.148', 39051, '180.97.123.223', 6002, 17]",2065,0,10,"['68:6d:bc:a9:7d:7c', '90:76:9f:88:5e:a3']",547224363722965983155199035053605348935,6002,0,0,0,1,0,1,1,1,0,1,1,1,0,0,1,0,1
82930,0,"['192.168.1.199', 60239, '192.168.1.1', 53, 17]",704,0,8,"['b0:f8:93:42:22:bf', '90:76:9f:88:5e:a3']",340386940538072715364426586819687150140,53,0,0,0,0,0,0,0,0,0,0,1,1,0,1,0,1,1
169745,0,"['192.168.1.148', 56855, '180.97.123.223', 6002, 17]",2065,0,10,"['68:6d:bc:a9:7d:7c', '90:76:9f:88:5e:a3']",377431487729329952280765295977879032504,6002,0,0,0,1,0,1,1,1,0,1,1,1,0,0,1,0,1
169833,0,"['192.168.1.148', 47143, '180.97.123.223', 6002, 17]",2065,0,10,"['68:6d:bc:a9:7d:7c', '90:76:9f:88:5e:a3']",364745982429042079431171104242056379805,6002,0,0,0,1,0,1,1,1,0,1,1,1,0,0,1,0,1
164189,0,"['192.168.1.148', 58248, '180.97.123.223', 6002, 17]",2065,0,10,"['68:6d:bc:a9:7d:7c', '90:76:9f:88:5e:a3']",461920930769908690974133021145419768088,6002,0,0,0,1,0,1,1,1,0,1,1,1,0,0,1,0,1
14492,0,"['192.168.1.166', 35210, '118.26.252.214', 8053, 17]",892,0,5,"['54:ef:44:cd:42:95', '90:76:9f:88:5e:a3']",385372050532012179505260243373836167152,8053,0,0,0,1,1,1,1,1,0,1,1,1,0,1,0,1,1
12206,0,"['118.26.252.214', 8053, '192.168.1.166', 35210, 17]",804,0,7,"['90:76:9f:88:5e:a3', '54:ef:44:cd:42:95']",385372050532012179505260243373836167152,8053,0,0,0,1,1,1,1,1,0,1,1,1,0,1,0,1,1
2065,0,"['192.168.1.166', 35210, '118.26.252.214', 8053, 17]",892,0,5,"['54:ef:44:cd:42:95', '90:76:9f:88:5e:a3']",385372050532012179505260243373836167152,8053,0,0,0,1,1,1,1,1,0,1,1,1,0,1,0,1,1
174575,0,"['192.168.1.148', 39701, '180.97.123.223', 6002, 17]",2065,0,10,"['68:6d:bc:a9:7d:7c', '90:76:9f:88:5e:a3']",508921150817258508939531880576137767830,6002,0,0,0,1,0,1,1,1,0,1,1,1,0,0,1,0,1
24458,0,"['192.168.1.166', 35210, '118.26.252.214', 8053, 17]",892,0,5,"['54:ef:44:cd:42:95', '90:76:9f:88:5e:a3']",385372050532012179505260243373836167152,8053,0,0,0,1,1,1,1,1,0,1,1,1,0,1,0,1,1
169922,0,"['192.168.1.148', 53988, '180.97.123.223', 6002, 17]",2065,0,10,"['68:6d:bc:a9:7d:7c', '90:76:9f:88:5e:a3']",472155714135894581610991476261100128842,6002,0,0,0,1,0,1,1,1,0,1,1,1,0,0,1,0,1
206766,0,"['192.168.1.153', 23678, '118.25.112.63', 3478, 17]",760,0,10,"['90:76:9f:50:27:d9', '90:76:9f:88:5e:a3']",299097476775682574471527428900109097345,3478,0,0,0,0,1,1,0,1,1,0,0,1,0,1,1,0,1
207810,0,"['192.168.1.153', 23445, '212.64.65.187', 3478, 17]",760,0,10,"['90:76:9f:50:27:d9', '90:76:9f:88:5e:a3']",186659329886724352939408412937940756326,3478,0,0,0,0,1,1,0,1,1,0,0,1,0,1,1,0,1
2709,0,"['118.26.252.214', 8053, '192.168.1.166', 35210, 17]",932,0,3,"['90:76:9f:88:5e:a3', '54:ef:44:cd:42:95']",385372050532012179505260243373836167152,8053,0,0,0,1,1,1,1,1,0,1,1,1,0,1,0,1,1
169635,0,"['192.168.1.148', 41649, '180.97.123.223', 6002, 17]",2065,0,10,"['68:6d:bc:a9:7d:7c', '90:76:9f:88:5e:a3']",393532417330028486706194207747968264837,6002,0,0,0,1,0,1,1,1,0,1,1,1,0,0,1,0,1
169469,0,"['192.168.1.148', 39037, '180.97.123.223', 6002, 17]",2065,0,10,"['68:6d:bc:a9:7d:7c', '90:76:9f:88:5e:a3']",618993113268742337169441642324785411795,6002,0,0,0,1,0,1,1,1,0,1,1,1,0,0,1,0,1
174885,0,"['192.168.1.148', 60936, '180.97.123.223', 6002, 17]",2065,0,10,"['68:6d:bc:a9:7d:7c', '90:76:9f:88:5e:a3']",408907022019858023095485934761502637704,6002,0,0,0,1,0,1,1,1,0,1,1,1,0,0,1,0,1
7532,0,"['118.26.252.214', 8053, '192.168.1.166', 35210, 17]",932,0,3,"['90:76:9f:88:5e:a3', '54:ef:44:cd:42:95']",385372050532012179505260243373836167152,8053,0,0,0,1,1,1,1,1,0,1,1,1,0,1,0,1,1
159376,0,"['192.168.1.148', 54398, '180.97.123.223', 6002, 17]",2065,0,10,"['68:6d:bc:a9:7d:7c', '90:76:9f:88:5e:a3']",416313629910406847428347137468644430409,6002,0,0,0,1,0,1,1,1,0,1,1,1,0,0,1,0,1
174681,0,"['192.168.1.148', 34898, '180.97.123.223', 6002, 17]",2065,0,10,"['68:6d:bc:a9:7d:7c', '90:76:9f:88:5e:a3']",521588824667252333316255896463744769569,6002,0,0,0,1,0,1,1,1,0,1,1,1,0,0,1,0,1
13535,0,"['118.26.252.214', 8053, '192.168.1.166', 35210, 17]",948,0,3,"['90:76:9f:88:5e:a3', '54:ef:44:cd:42:95']",385372050532012179505260243373836167152,8053,0,0,0,1,1,1,1,1,0,1,1,1,0,1,0,1,1
159342,0,"['192.168.1.148', 34242, '180.97.123.223', 6002, 17]",2065,0,10,"['68:6d:bc:a9:7d:7c', '90:76:9f:88:5e:a3']",493600542768893510959482013176095914994,6002,0,0,0,1,0,1,1,1,0,1,1,1,0,0,1,0,1
13486,0,"['192.168.1.166', 35210, '118.26.252.214', 8053, 17]",892,0,5,"['54:ef:44:cd:42:95', '90:76:9f:88:5e:a3']",385372050532012179505260243373836167152,8053,0,0,0,1,1,1,1,1,0,1,1,1,0,1,0,1,1
20816,0,"['192.168.1.166', 35210, '118.26.252.214', 8053, 17]",892,0,5,"['54:ef:44:cd:42:95', '90:76:9f:88:5e:a3']",385372050532012179505260243373836167152,8053,0,0,0,1,1,1,1,1,0,1,1,1,0,1,0,1,1
20912,0,"['192.168.1.166', 35210, '118.26.252.214', 8053, 17]",892,0,5,"['54:ef:44:cd:42:95', '90:76:9f:88:5e:a3']",385372050532012179505260243373836167152,8053,0,0,0,1,1,1,1,1,0,1,1,1,0,1,0,1,1
158794,0,"['192.168.1.148', 34289, '180.97.123.223', 6002, 17]",2065,0,10,"['68:6d:bc:a9:7d:7c', '90:76:9f:88:5e:a3']",349319827324467498475605599704250738035,6002,0,0,0,1,0,1,1,1,0,1,1,1,0,0,1,0,1
355,0,"['118.26.252.214', 8053, '192.168.1.166', 35210, 17]",948,0,3,"['90:76:9f:88:5e:a3', '54:ef:44:cd:42:95']",385372050532012179505260243373836167152,8053,0,0,0,1,1,1,1,1,0,1,1,1,0,1,0,1,1
169627,0,"['192.168.1.148', 46042, '180.97.123.223', 6002, 17]",2065,0,10,"['68:6d:bc:a9:7d:7c', '90:76:9f:88:5e:a3']",514239035437463098609916707046656579863,6002,0,0,0,1,0,1,1,1,0,1,1,1,0,0,1,0,1
44684,0,"['47.107.90.140', 16178, '192.168.1.199', 8546, 6]",4230,1,14,"['90:76:9f:88:5e:a3', 'b0:f8:93:42:22:bf']",320486824623697949423937084122854835013,16178,0,0,1,1,1,1,1,1,0,0,1,1,0,0,1,0,1
124722,0,"['47.107.86.153', 16178, '192.168.1.199', 9170, 6]",4230,1,14,"['90:76:9f:88:5e:a3', 'b0:f8:93:42:22:bf']",325377586462267835740489969010116078926,16178,0,0,1,1,1,1,1,1,0,0,1,1,0,0,1,0,1
87872,0,"['47.107.86.153', 16178, '192.168.1.199', 9162, 6]",4230,1,14,"['90:76:9f:88:5e:a3', 'b0:f8:93:42:22:bf']",316904381580851824576282341064141324785,16178,0,0,1,1,1,1,1,1,0,0,1,1,0,0,1,0,1
217523,0,"['161.189.143.35', 443, '192.168.1.153', 48126, 6]",3729,1,13,"['90:76:9f:88:5e:a3', '90:76:9f:50:27:d9']",179491154911306419342094287998699876770,443,0,0,0,0,0,0,0,1,1,0,1,1,1,0,1,1,1
201505,0,"['161.189.90.178', 443, '192.168.1.153', 46698, 6]",3729,1,13,"['90:76:9f:88:5e:a3', '90:76:9f:50:27:d9']",260004435208130638209485706255984611097,443,0,0,0,0,0,0,0,1,1,0,1,1,1,0,1,1,1
